filename,width,height,class,xmin,ymin,xmax,ymax
photo_2020-01-29_13-21-26 (17).jpg,1280,960,lada hijau,333,319,946,577
photo_2020-01-29_13-21-26 (18).jpg,1280,960,lada merah,366,380,921,624
photo_2020-01-29_13-21-26 (19).jpg,1280,960,lada hijau,546,186,722,719
photo_2020-01-29_13-21-26 (20).jpg,1280,960,lada merah,581,215,828,796
photo_2020-01-29_13-21-26 (21).jpg,1280,960,lada hijau,316,342,922,575
photo_2020-01-29_13-21-26 (22).jpg,1280,960,lada hijau,362,439,878,577
photo_2020-01-29_13-21-26 (23).jpg,1280,960,lada hijau,418,452,975,603
photo_2020-01-29_13-21-26.jpg,1280,960,lada hijau,508,239,834,787
photo_2020-01-29_13-21-27 (10).jpg,1280,960,lada merah,5,165,315,524
photo_2020-01-29_13-21-27 (10).jpg,1280,960,lada merah,233,106,600,231
photo_2020-01-29_13-21-27 (10).jpg,1280,960,lada merah,375,169,710,337
photo_2020-01-29_13-21-27 (10).jpg,1280,960,lada merah,487,325,603,615
photo_2020-01-29_13-21-27 (10).jpg,1280,960,lada merah,102,572,580,705
photo_2020-01-29_13-21-27 (10).jpg,1280,960,lada merah,47,655,387,742
photo_2020-01-29_13-21-27 (10).jpg,1280,960,lada merah,521,424,644,767
photo_2020-01-29_13-21-27 (10).jpg,1280,960,lada merah,222,456,418,584
photo_2020-01-29_13-21-27 (10).jpg,1280,960,lada merah,321,708,477,868
photo_2020-01-29_13-21-27 (10).jpg,1280,960,lada merah,241,697,377,864
photo_2020-01-29_13-21-27 (10).jpg,1280,960,lada merah,433,290,585,524
photo_2020-01-29_13-21-27 (10).jpg,1280,960,lada merah,172,180,293,490
photo_2020-01-29_13-21-27 (10).jpg,1280,960,lada hijau,822,612,1219,700
photo_2020-01-29_13-21-27 (10).jpg,1280,960,lada hijau,858,742,1203,883
photo_2020-01-29_13-21-27 (10).jpg,1280,960,lada hijau,674,733,966,827
photo_2020-01-29_13-21-27 (10).jpg,1280,960,lada hijau,703,433,906,746
photo_2020-01-29_13-21-27 (10).jpg,1280,960,lada hijau,719,184,1037,284
photo_2020-01-29_13-21-27 (10).jpg,1280,960,lada hijau,935,62,1158,328
photo_2020-01-29_13-21-27 (10).jpg,1280,960,lada hijau,1116,250,1280,553
photo_2020-01-29_13-21-27 (10).jpg,1280,960,lada hijau,1035,258,1250,521
photo_2020-01-29_13-21-27 (10).jpg,1280,960,lada hijau,899,393,1194,515
photo_2020-01-29_13-21-27 (10).jpg,1280,960,lada hijau,949,505,1197,686
photo_2020-01-29_13-21-27 (10).jpg,1280,960,lada hijau,731,361,1035,442
photo_2020-01-29_13-21-27 (10).jpg,1280,960,lada hijau,897,668,1225,768
photo_2020-01-29_13-21-27 (10).jpg,1280,960,lada hijau,1116,571,1278,661
photo_2020-01-29_13-21-27 (11).jpg,1280,960,lada hijau,550,175,855,600
photo_2020-01-29_13-21-27 (11).jpg,1280,960,lada hijau,435,237,619,893
photo_2020-01-29_13-21-27 (11).jpg,1280,960,lada hijau,200,292,477,803
photo_2020-01-29_13-21-27 (11).jpg,1280,960,lada hijau,249,33,405,461
photo_2020-01-29_13-21-27 (11).jpg,1280,960,lada hijau,285,386,449,805
photo_2020-01-29_13-21-27 (11).jpg,1280,960,lada hijau,1038,134,1191,527
photo_2020-01-29_13-21-27 (11).jpg,1280,960,lada hijau,1010,403,1277,694
photo_2020-01-29_13-21-27 (11).jpg,1280,960,lada hijau,991,442,1225,728
photo_2020-01-29_13-21-27 (11).jpg,1280,960,lada hijau,777,592,1102,887
photo_2020-01-29_13-21-27 (11).jpg,1280,960,lada hijau,787,399,946,802
photo_2020-01-29_13-21-27 (11).jpg,1280,960,lada hijau,784,368,930,818
photo_2020-01-29_13-21-27 (11).jpg,1280,960,lada hijau,855,128,946,583
photo_2020-01-29_13-21-27 (11).jpg,1280,960,lada hijau,374,100,871,392
photo_2020-01-29_13-21-27 (11).jpg,1280,960,lada hijau,375,828,721,947
photo_2020-01-29_13-21-27 (11).jpg,1280,960,lada hijau,518,455,766,830
photo_2020-01-29_13-21-27 (11).jpg,1280,960,lada hijau,594,415,699,586
photo_2020-01-29_13-21-27 (12).jpg,1280,960,lada merah,646,24,1178,467
photo_2020-01-29_13-21-27 (12).jpg,1280,960,lada merah,384,174,774,517
photo_2020-01-29_13-21-27 (12).jpg,1280,960,lada merah,256,100,410,611
photo_2020-01-29_13-21-27 (12).jpg,1280,960,lada merah,350,152,684,728
photo_2020-01-29_13-21-27 (12).jpg,1280,960,lada merah,1047,378,1269,906
photo_2020-01-29_13-21-27 (12).jpg,1280,960,lada merah,1018,330,1271,889
photo_2020-01-29_13-21-27 (12).jpg,1280,960,lada merah,494,712,921,952
photo_2020-01-29_13-21-27 (12).jpg,1280,960,lada merah,87,462,344,718
photo_2020-01-29_13-21-27 (12).jpg,1280,960,lada merah,405,875,743,960
photo_2020-01-29_13-21-27 (12).jpg,1280,960,lada merah,119,327,325,547
photo_2020-01-29_13-21-27 (12).jpg,1280,960,lada merah,200,683,456,828
photo_2020-01-29_13-21-27 (12).jpg,1280,960,lada merah,765,455,978,740
photo_2020-01-29_13-21-27 (12).jpg,1280,960,lada merah,712,617,978,918
photo_2020-01-29_13-21-27 (13).jpg,1280,960,lada merah,615,69,847,818
photo_2020-01-29_13-21-27 (14).jpg,1280,960,lada merah,396,396,1163,600
photo_2020-01-29_13-21-27 (15).jpg,1280,960,lada hijau,610,267,794,755
photo_2020-01-29_13-21-27 (16).jpg,1280,960,lada hijau,508,408,985,577
photo_2020-01-29_13-21-27 (17).jpg,1280,960,lada hijau,309,444,963,625
photo_2020-01-29_13-21-27 (2).jpg,1280,960,lada merah,406,371,1099,571
photo_2020-01-29_13-21-27 (3).jpg,1280,960,lada merah,640,230,841,887
photo_2020-01-29_13-21-27 (4).jpg,1280,960,lada merah,599,144,835,819
photo_2020-01-29_13-21-27 (5).jpg,1280,960,lada merah,612,81,859,796
photo_2020-01-29_13-21-27 (6).jpg,1280,960,lada hijau,221,24,402,472
photo_2020-01-29_13-21-27 (6).jpg,1280,960,lada hijau,175,299,484,846
photo_2020-01-29_13-21-27 (6).jpg,1280,960,lada hijau,433,243,612,872
photo_2020-01-29_13-21-27 (6).jpg,1280,960,lada hijau,541,184,858,617
photo_2020-01-29_13-21-27 (6).jpg,1280,960,lada hijau,783,400,938,805
photo_2020-01-29_13-21-27 (6).jpg,1280,960,lada hijau,1035,122,1191,539
photo_2020-01-29_13-21-27 (6).jpg,1280,960,lada hijau,1003,434,1221,721
photo_2020-01-29_13-21-27 (6).jpg,1280,960,lada hijau,1008,406,1280,694
photo_2020-01-29_13-21-27 (6).jpg,1280,960,lada hijau,780,564,1105,886
photo_2020-01-29_13-21-27 (6).jpg,1280,960,lada hijau,372,96,849,383
photo_2020-01-29_13-21-27 (6).jpg,1280,960,lada hijau,837,114,946,571
photo_2020-01-29_13-21-27 (6).jpg,1280,960,lada hijau,488,450,766,909
photo_2020-01-29_13-21-27 (7).jpg,1280,960,lada merah,584,77,852,778
photo_2020-01-29_13-21-27 (8).jpg,1280,960,lada merah,450,365,1049,586
photo_2020-01-29_13-21-27 (9).jpg,1280,960,lada merah,375,1,506,527
photo_2020-01-29_13-21-27 (9).jpg,1280,960,lada merah,158,214,458,425
photo_2020-01-29_13-21-27 (9).jpg,1280,960,lada merah,808,1,1206,377
photo_2020-01-29_13-21-27 (9).jpg,1280,960,lada merah,1056,322,1266,781
photo_2020-01-29_13-21-27 (9).jpg,1280,960,lada merah,502,43,885,380
photo_2020-01-29_13-21-27 (9).jpg,1280,960,lada merah,449,27,638,796
photo_2020-01-29_13-21-27 (9).jpg,1280,960,lada merah,575,608,997,793
photo_2020-01-29_13-21-27 (9).jpg,1280,960,lada merah,431,769,794,906
photo_2020-01-29_13-21-27 (9).jpg,1280,960,lada merah,808,299,1038,622
photo_2020-01-29_13-21-27 (9).jpg,1280,960,lada merah,943,512,1119,921
photo_2020-01-29_13-21-27 (9).jpg,1280,960,lada merah,249,374,559,646
photo_2020-01-29_13-21-27 (9).jpg,1280,960,lada merah,155,324,434,596
photo_2020-01-29_13-21-27 (9).jpg,1280,960,lada merah,291,677,856,849
photo_2020-01-29_13-21-27.jpg,1280,960,lada hijau,544,271,799,667
photo_2020-01-29_13-21-27.jpg,1280,960,lada hijau,440,314,581,880
photo_2020-01-29_13-21-27.jpg,1280,960,lada hijau,266,131,405,534
photo_2020-01-29_13-21-27.jpg,1280,960,lada hijau,209,356,410,840
photo_2020-01-29_13-21-27.jpg,1280,960,lada hijau,1005,202,1156,630
photo_2020-01-29_13-21-27.jpg,1280,960,lada hijau,380,187,813,447
photo_2020-01-29_13-21-27.jpg,1280,960,lada hijau,491,509,737,817
photo_2020-01-29_13-21-27.jpg,1280,960,lada hijau,719,633,1058,893
photo_2020-01-29_13-21-27.jpg,1280,960,lada hijau,665,755,1075,950
photo_2020-01-29_13-21-27.jpg,1280,960,lada hijau,855,321,993,687
photo_2020-01-29_13-21-27.jpg,1280,960,lada hijau,712,453,880,849
photo_2020-01-29_13-21-27.jpg,1280,960,lada merah,681,1,862,193
photo_2020-01-29_13-21-27.jpg,1280,960,lada merah,353,6,793,93
photo_2020-01-29_13-21-27.jpg,1280,960,lada merah,490,61,816,159
photo_2020-01-29_13-21-27.jpg,1280,960,lada merah,1011,1,1166,205
photo_2020-01-29_13-21-47 (10).jpg,1280,960,lada hijau,613,233,771,761
photo_2020-01-29_13-21-47 (11).jpg,1280,960,lada hijau,385,372,984,564
photo_2020-01-29_13-21-47 (12).jpg,1280,960,lada hijau,587,227,793,808
photo_2020-01-29_13-21-47 (13).jpg,1280,960,lada hijau,406,403,872,561
photo_2020-01-29_13-21-47 (14).jpg,1280,960,lada merah,360,368,927,639
photo_2020-01-29_13-21-47 (15).jpg,1280,960,lada merah,533,136,713,712
photo_2020-01-29_13-21-47 (16).jpg,1280,960,lada hijau,325,365,859,584
photo_2020-01-29_13-21-47 (17).jpg,1280,960,lada merah,346,293,1063,539
photo_2020-01-29_13-21-47 (18).jpg,1280,960,lada hijau,490,168,730,706
photo_2020-01-29_13-21-47 (19).jpg,1280,960,lada hijau,534,252,740,784
photo_2020-01-29_13-21-47 (2).jpg,1280,960,lada hijau,521,143,700,689
photo_2020-01-29_13-21-47 (20).jpg,1280,960,lada merah,309,437,1096,636
photo_2020-01-29_13-21-47 (21).jpg,1280,960,lada merah,665,72,828,806
photo_2020-01-29_13-21-47 (22).jpg,1280,960,lada merah,315,440,1008,618
photo_2020-01-29_13-21-47 (23).jpg,1280,960,lada hijau,588,281,850,733
photo_2020-01-29_13-21-47 (24).jpg,1280,960,lada hijau,515,394,975,584
photo_2020-01-29_13-21-47 (25).jpg,1280,960,lada hijau,552,171,750,780
photo_2020-01-29_13-21-47 (26).jpg,1280,960,lada hijau,547,236,783,734
photo_2020-01-29_13-21-47 (27).jpg,1280,960,lada hijau,410,240,749,684
photo_2020-01-29_13-21-47 (28).jpg,1280,960,lada hijau,402,317,903,518
photo_2020-01-29_13-21-47 (29).jpg,1280,960,lada hijau,371,392,933,658
photo_2020-01-29_13-21-47 (3).jpg,1280,960,lada hijau,513,217,696,789
photo_2020-01-29_13-21-47 (30).jpg,1280,960,lada hijau,390,342,963,605
photo_2020-01-29_13-21-47 (4).jpg,1280,960,lada hijau,334,414,899,584
photo_2020-01-29_13-21-47 (5).jpg,1280,960,lada hijau,435,167,696,722
photo_2020-01-29_13-21-47 (6).jpg,1280,960,lada hijau,546,122,747,643
photo_2020-01-29_13-21-47 (7).jpg,1280,960,lada hijau,410,312,947,544
photo_2020-01-29_13-21-47 (8).jpg,1280,960,lada hijau,328,234,868,436
photo_2020-01-29_13-21-47 (9).jpg,1280,960,lada hijau,572,144,850,706
photo_2020-01-29_13-21-47.jpg,1280,960,lada hijau,425,449,947,627
photo_2020-01-29_13-21-59 (10).jpg,1280,960,lada hijau,371,471,943,677
photo_2020-01-29_13-21-59 (11).jpg,1280,960,lada hijau,546,202,768,740
photo_2020-01-29_13-21-59 (12).jpg,1280,960,lada hijau,452,424,968,611
photo_2020-01-29_13-21-59 (13).jpg,1280,960,lada hijau,515,244,683,696
photo_2020-01-29_13-21-59 (14).jpg,1280,960,lada hijau,546,258,709,725
photo_2020-01-29_13-21-59 (15).jpg,1280,960,lada merah,309,418,1094,597
photo_2020-01-29_13-21-59 (16).jpg,1280,960,lada merah,310,437,1083,597
photo_2020-01-29_13-21-59 (17).jpg,1280,960,lada merah,580,139,755,861
photo_2020-01-29_13-21-59 (18).jpg,1280,960,lada hijau,356,414,850,592
photo_2020-01-29_13-21-59 (19).jpg,1280,960,lada hijau,605,246,746,671
photo_2020-01-29_13-21-59 (2).jpg,1280,960,lada hijau,455,436,981,621
photo_2020-01-29_13-21-59 (20).jpg,1280,960,lada hijau,577,217,803,786
photo_2020-01-29_13-21-59 (21).jpg,1280,960,lada hijau,349,437,960,664
photo_2020-01-29_13-21-59 (22).jpg,1280,960,lada hijau,521,203,781,747
photo_2020-01-29_13-21-59 (23).jpg,1280,960,lada hijau,621,283,774,689
photo_2020-01-29_13-21-59 (24).jpg,1280,960,lada hijau,619,272,790,709
photo_2020-01-29_13-21-59 (25).jpg,1280,960,lada hijau,435,458,878,622
photo_2020-01-29_13-21-59 (26).jpg,1280,960,lada hijau,393,396,931,580
photo_2020-01-29_13-21-59 (27).jpg,1280,960,lada hijau,627,359,803,762
photo_2020-01-29_13-21-59 (28).jpg,1280,960,lada hijau,474,446,862,587
photo_2020-01-29_13-21-59 (29).jpg,1280,960,lada hijau,656,336,802,734
photo_2020-01-29_13-21-59 (3).jpg,1280,960,lada hijau,527,211,694,734
photo_2020-01-29_13-21-59 (30).jpg,1280,960,lada hijau,487,181,710,703
photo_2020-01-29_13-21-59 (31).jpg,1280,960,lada hijau,575,240,788,772
photo_2020-01-29_13-21-59 (32).jpg,1280,960,lada hijau,494,487,1040,681
photo_2020-01-29_13-21-59 (33).jpg,1280,960,lada hijau,352,417,1047,619
photo_2020-01-29_13-21-59 (34).jpg,1280,960,lada hijau,363,418,1003,611
photo_2020-01-29_13-21-59 (35).jpg,1280,960,lada hijau,631,177,809,833
photo_2020-01-29_13-21-59 (36).jpg,1280,960,lada hijau,652,171,821,840
photo_2020-01-29_13-21-59 (37).jpg,1280,960,lada hijau,443,455,1010,652
photo_2020-01-29_13-21-59 (38).jpg,1280,960,lada hijau,424,475,1085,699
photo_2020-01-29_13-21-59 (39).jpg,1280,960,lada hijau,428,468,1080,667
photo_2020-01-29_13-21-59 (4).jpg,1280,960,lada hijau,559,258,700,727
photo_2020-01-29_13-21-59 (40).jpg,1280,960,lada hijau,588,177,788,856
photo_2020-01-29_13-21-59 (41).jpg,960,1280,lada hijau,343,325,618,992
photo_2020-01-29_13-21-59 (42).jpg,1280,960,lada hijau,638,197,856,749
photo_2020-01-29_13-21-59 (43).jpg,1280,960,lada hijau,368,347,925,544
photo_2020-01-29_13-21-59 (44).jpg,1280,960,lada hijau,562,164,806,643
photo_2020-01-29_13-21-59 (45).jpg,1280,960,lada hijau,447,409,994,622
photo_2020-01-29_13-21-59 (46).jpg,1280,960,lada hijau,544,136,772,690
photo_2020-01-29_13-21-59 (47).jpg,1280,960,lada hijau,372,394,912,672
photo_2020-01-29_13-21-59 (48).jpg,1280,960,lada hijau,441,212,755,722
photo_2020-01-29_13-21-59 (49).jpg,1280,960,lada hijau,440,224,938,546
photo_2020-01-29_13-21-59 (5).jpg,1280,960,lada merah,325,411,1072,596
photo_2020-01-29_13-21-59 (50).jpg,1280,960,lada hijau,460,272,975,586
photo_2020-01-29_13-21-59 (51).jpg,1280,960,lada merah,622,127,858,875
photo_2020-01-29_13-21-59 (52).jpg,1280,960,lada merah,302,414,1056,622
photo_2020-01-29_13-21-59 (53).jpg,1280,960,lada hijau,380,406,844,556
photo_2020-01-29_13-21-59 (54).jpg,960,1280,lada hijau,488,388,624,866
photo_2020-01-29_13-21-59 (55).jpg,1280,960,lada hijau,656,440,777,787
photo_2020-01-29_13-21-59 (56).jpg,1280,960,lada hijau,471,414,872,542
photo_2020-01-29_13-21-59 (57).jpg,1280,960,lada hijau,591,267,774,783
photo_2020-01-29_13-21-59 (58).jpg,1280,960,lada hijau,630,297,808,786
photo_2020-01-29_13-21-59 (59).jpg,1280,960,lada hijau,406,436,834,590
photo_2020-01-29_13-21-59 (6).jpg,1280,960,lada merah,593,142,755,856
photo_2020-01-29_13-21-59 (60).jpg,1280,960,lada hijau,619,356,762,730
photo_2020-01-29_13-21-59 (61).jpg,1280,960,lada hijau,410,342,953,584
photo_2020-01-29_13-21-59 (7).jpg,1280,960,lada hijau,360,418,841,587
photo_2020-01-29_13-21-59 (8).jpg,1280,960,lada hijau,608,244,756,664
photo_2020-01-29_13-21-59 (9).jpg,1280,960,lada hijau,600,233,794,780
photo_2020-01-29_13-21-59.jpg,1280,960,lada hijau,352,272,888,517
photo_2020-01-29_13-22-00 (2).jpg,1280,960,lada hijau,460,399,985,627
photo_2020-01-29_13-22-00 (3).jpg,1280,960,lada hijau,618,356,752,761
photo_2020-01-29_13-22-00.jpg,1280,960,lada hijau,565,265,772,803
photo_2020-01-29_13-22-19 (10).jpg,1280,960,lada hijau,472,344,1072,533
photo_2020-01-29_13-22-19 (11).jpg,1280,960,lada hijau,493,383,958,567
photo_2020-01-29_13-22-19 (12).jpg,1280,960,lada hijau,438,349,1052,583
photo_2020-01-29_13-22-19 (13).jpg,1280,960,lada hijau,477,352,1066,522
photo_2020-01-29_13-22-19 (14).jpg,1280,960,lada hijau,624,350,741,715
photo_2020-01-29_13-22-19 (15).jpg,1280,960,lada hijau,603,272,728,777
photo_2020-01-29_13-22-19 (16).jpg,1280,960,lada hijau,619,293,794,780
photo_2020-01-29_13-22-19 (17).jpg,1280,960,lada hijau,583,281,785,802
photo_2020-01-29_13-22-19 (18).jpg,1280,960,lada hijau,508,278,735,827
photo_2020-01-29_13-22-19 (19).jpg,1280,960,lada hijau,358,344,933,589
photo_2020-01-29_13-22-19 (2).jpg,1280,960,lada hijau,574,269,785,706
photo_2020-01-29_13-22-19 (20).jpg,1280,960,lada hijau,362,339,890,552
photo_2020-01-29_13-22-19 (21).jpg,1280,960,lada hijau,528,302,722,817
photo_2020-01-29_13-22-19 (22).jpg,1280,960,lada hijau,363,461,825,615
photo_2020-01-29_13-22-19 (23).jpg,1280,960,lada hijau,483,489,958,656
photo_2020-01-29_13-22-19 (24).jpg,1280,960,lada hijau,466,340,1056,537
photo_2020-01-29_13-22-19 (25).jpg,1280,960,lada hijau,538,267,752,737
photo_2020-01-29_13-22-19 (26).jpg,1280,960,lada hijau,372,428,1003,608
photo_2020-01-29_13-22-19 (27).jpg,1280,960,lada merah,440,377,906,709
photo_2020-01-29_13-22-19 (28).jpg,1280,960,lada merah,374,375,972,658
photo_2020-01-29_13-22-19 (29).jpg,1280,960,lada merah,450,374,927,699
photo_2020-01-29_13-22-19 (3).jpg,1280,960,lada hijau,487,440,968,642
photo_2020-01-29_13-22-19 (30).jpg,1280,960,lada merah,388,375,952,644
photo_2020-01-29_13-22-19 (31).jpg,1280,960,lada merah,458,374,918,689
photo_2020-01-29_13-22-19 (32).jpg,1280,960,lada merah,408,493,937,674
photo_2020-01-29_13-22-19 (33).jpg,1280,960,lada merah,362,374,955,633
photo_2020-01-29_13-22-19 (34).jpg,1280,960,lada merah,572,250,775,792
photo_2020-01-29_13-22-19 (35).jpg,1280,960,lada merah,577,239,778,790
photo_2020-01-29_13-22-19 (36).jpg,1280,960,lada hijau,458,403,924,592
photo_2020-01-29_13-22-19 (37).jpg,1280,960,lada merah,563,236,705,818
photo_2020-01-29_13-22-19 (38).jpg,1280,960,lada hijau,575,289,750,708
photo_2020-01-29_13-22-19 (39).jpg,1280,960,lada merah,390,350,1000,577
photo_2020-01-29_13-22-19 (4).jpg,1280,960,lada hijau,515,364,1019,568
photo_2020-01-29_13-22-19 (40).jpg,1280,960,lada hijau,606,233,822,661
photo_2020-01-29_13-22-19 (41).jpg,1280,960,lada hijau,575,209,818,658
photo_2020-01-29_13-22-19 (42).jpg,1280,960,lada merah,346,381,915,584
photo_2020-01-29_13-22-19 (43).jpg,1280,960,lada merah,555,149,750,706
photo_2020-01-29_13-22-19 (44).jpg,1280,960,lada hijau,499,371,912,558
photo_2020-01-29_13-22-19 (45).jpg,1280,960,lada merah,371,355,975,530
photo_2020-01-29_13-22-19 (46).jpg,960,1280,lada hijau,437,388,626,831
photo_2020-01-29_13-22-19 (47).jpg,1280,960,lada hijau,587,255,803,799
photo_2020-01-29_13-22-19 (48).jpg,1280,960,lada hijau,372,349,894,562
photo_2020-01-29_13-22-19 (49).jpg,1280,960,lada hijau,440,268,913,475
photo_2020-01-29_13-22-19 (5).jpg,1280,960,lada hijau,622,186,799,647
photo_2020-01-29_13-22-19 (50).jpg,1280,960,lada hijau,631,319,802,712
photo_2020-01-29_13-22-19 (51).jpg,1280,960,lada hijau,687,322,819,765
photo_2020-01-29_13-22-19 (52).jpg,1280,960,lada hijau,678,309,835,755
photo_2020-01-29_13-22-19 (53).jpg,1280,960,lada hijau,505,439,885,605
photo_2020-01-29_13-22-19 (54).jpg,1280,960,lada hijau,634,347,850,767
photo_2020-01-29_13-22-19 (55).jpg,1280,960,lada hijau,490,406,888,600
photo_2020-01-29_13-22-19 (56).jpg,1280,960,lada hijau,502,443,902,617
photo_2020-01-29_13-22-19 (6).jpg,1280,960,lada hijau,622,175,800,639
photo_2020-01-29_13-22-19 (7).jpg,1280,960,lada hijau,628,122,824,744
photo_2020-01-29_13-22-19 (8).jpg,1280,960,lada hijau,481,368,971,556
photo_2020-01-29_13-22-19 (9).jpg,1280,960,lada hijau,443,355,1037,565
photo_2020-01-29_13-22-19.jpg,1280,960,lada hijau,572,305,746,778
photo_2020-01-29_13-22-29 (10).jpg,1280,960,lada hijau,440,314,1035,489
photo_2020-01-29_13-22-29 (11).jpg,1280,960,lada hijau,477,287,1080,514
photo_2020-01-29_13-22-29 (12).jpg,960,1280,lada kuning,433,412,602,898
photo_2020-01-29_13-22-29 (13).jpg,960,1280,lada hijau,118,596,765,866
photo_2020-01-29_13-22-29 (14).jpg,960,1280,lada kuning,392,429,573,937
photo_2020-01-29_13-22-29 (15).jpg,960,1280,lada merah,553,131,877,810
photo_2020-01-29_13-22-29 (15).jpg,960,1280,lada merah,518,259,708,825
photo_2020-01-29_13-22-29 (15).jpg,960,1280,lada merah,135,343,330,908
photo_2020-01-29_13-22-29 (15).jpg,960,1280,lada merah,230,619,388,1084
photo_2020-01-29_13-22-29 (15).jpg,960,1280,lada merah,300,425,565,1129
photo_2020-01-29_13-22-29 (15).jpg,960,1280,lada merah,357,276,612,851
photo_2020-01-29_13-22-29 (15).jpg,960,1280,lada merah,486,202,655,914
photo_2020-01-29_13-22-29 (16).jpg,960,1280,lada merah,581,163,877,817
photo_2020-01-29_13-22-29 (16).jpg,960,1280,lada merah,535,292,737,866
photo_2020-01-29_13-22-29 (16).jpg,960,1280,lada merah,481,247,671,929
photo_2020-01-29_13-22-29 (16).jpg,960,1280,lada merah,135,335,375,917
photo_2020-01-29_13-22-29 (16).jpg,960,1280,lada merah,228,588,418,1086
photo_2020-01-29_13-22-29 (16).jpg,960,1280,lada merah,312,451,573,1151
photo_2020-01-29_13-22-29 (16).jpg,960,1280,lada merah,363,290,598,868
photo_2020-01-29_13-22-29 (17).jpg,960,1280,lada kuning,133,588,724,827
photo_2020-01-29_13-22-29 (18).jpg,960,1280,lada kuning,139,602,663,815
photo_2020-01-29_13-22-29 (19).jpg,960,1280,lada hijau,308,349,531,980
photo_2020-01-29_13-22-29 (2).jpg,1280,960,lada hijau,527,237,716,675
photo_2020-01-29_13-22-29 (20).jpg,960,1280,lada hijau,384,435,641,1055
photo_2020-01-29_13-22-29 (21).jpg,1280,960,lada merah,647,114,824,805
photo_2020-01-29_13-22-29 (22).jpg,1280,960,lada merah,294,397,1119,615
photo_2020-01-29_13-22-29 (23).jpg,1280,960,lada merah,243,447,968,693
photo_2020-01-29_13-22-29 (24).jpg,1280,960,lada merah,599,83,780,808
photo_2020-01-29_13-22-29 (25).jpg,1280,960,lada hijau,315,428,858,658
photo_2020-01-29_13-22-29 (26).jpg,1280,960,lada hijau,349,328,847,550
photo_2020-01-29_13-22-29 (27).jpg,960,1280,lada hijau,275,514,777,759
photo_2020-01-29_13-22-29 (28).jpg,1280,960,lada hijau,453,325,969,553
photo_2020-01-29_13-22-29 (29).jpg,1280,960,lada hijau,443,342,963,564
photo_2020-01-29_13-22-29 (3).jpg,1280,960,lada hijau,672,111,856,709
photo_2020-01-29_13-22-29 (30).jpg,960,1280,lada hijau,292,517,777,766
photo_2020-01-29_13-22-29 (31).jpg,1280,960,lada hijau,600,203,840,733
photo_2020-01-29_13-22-29 (32).jpg,1280,960,lada hijau,413,328,940,567
photo_2020-01-29_13-22-29 (33).jpg,1280,960,lada hijau,593,215,877,744
photo_2020-01-29_13-22-29 (34).jpg,1280,960,lada hijau,427,371,996,572
photo_2020-01-29_13-22-29 (35).jpg,1280,960,lada hijau,443,356,1028,555
photo_2020-01-29_13-22-29 (36).jpg,1280,960,lada merah,400,394,1066,556
photo_2020-01-29_13-22-29 (37).jpg,1280,960,lada merah,577,136,783,792
photo_2020-01-29_13-22-29 (38).jpg,1280,960,lada merah,587,137,743,805
photo_2020-01-29_13-22-29 (39).jpg,1280,960,lada merah,584,136,768,787
photo_2020-01-29_13-22-29 (4).jpg,960,1280,lada hijau,130,590,759,851
photo_2020-01-29_13-22-29 (40).jpg,1280,960,lada merah,399,390,1084,544
photo_2020-01-29_13-22-29 (41).jpg,1280,960,lada merah,633,118,796,827
photo_2020-01-29_13-22-29 (42).jpg,960,1280,lada hijau,630,266,826,882
photo_2020-01-29_13-22-29 (42).jpg,960,1280,lada hijau,506,296,712,776
photo_2020-01-29_13-22-29 (42).jpg,960,1280,lada hijau,467,214,631,796
photo_2020-01-29_13-22-29 (42).jpg,960,1280,lada hijau,253,137,510,674
photo_2020-01-29_13-22-29 (42).jpg,960,1280,lada hijau,120,200,392,629
photo_2020-01-29_13-22-29 (42).jpg,960,1280,lada hijau,106,339,269,912
photo_2020-01-29_13-22-29 (42).jpg,960,1280,lada hijau,247,549,435,1008
photo_2020-01-29_13-22-29 (42).jpg,960,1280,lada hijau,147,461,328,984
photo_2020-01-29_13-22-29 (42).jpg,960,1280,lada hijau,430,625,584,1074
photo_2020-01-29_13-22-29 (43).jpg,960,1280,lada hijau,122,327,255,894
photo_2020-01-29_13-22-29 (43).jpg,960,1280,lada hijau,126,190,394,623
photo_2020-01-29_13-22-29 (43).jpg,960,1280,lada hijau,271,149,516,668
photo_2020-01-29_13-22-29 (43).jpg,960,1280,lada hijau,498,215,628,814
photo_2020-01-29_13-22-29 (43).jpg,960,1280,lada hijau,635,284,786,849
photo_2020-01-29_13-22-29 (43).jpg,960,1280,lada hijau,524,282,718,737
photo_2020-01-29_13-22-29 (43).jpg,960,1280,lada hijau,428,637,586,1098
photo_2020-01-29_13-22-29 (43).jpg,960,1280,lada hijau,324,625,451,1037
photo_2020-01-29_13-22-29 (43).jpg,960,1280,lada hijau,251,561,426,1027
photo_2020-01-29_13-22-29 (43).jpg,960,1280,lada hijau,157,490,343,988
photo_2020-01-29_13-22-29 (44).jpg,960,1280,lada hijau,741,296,904,884
photo_2020-01-29_13-22-29 (44).jpg,960,1280,lada hijau,631,312,775,794
photo_2020-01-29_13-22-29 (44).jpg,960,1280,lada hijau,549,229,747,857
photo_2020-01-29_13-22-29 (44).jpg,960,1280,lada hijau,335,129,643,735
photo_2020-01-29_13-22-29 (44).jpg,960,1280,lada hijau,161,190,479,682
photo_2020-01-29_13-22-29 (44).jpg,960,1280,lada hijau,165,357,347,1015
photo_2020-01-29_13-22-29 (44).jpg,960,1280,lada hijau,224,521,410,1098
photo_2020-01-29_13-22-29 (44).jpg,960,1280,lada hijau,353,612,557,1108
photo_2020-01-29_13-22-29 (44).jpg,960,1280,lada hijau,416,706,555,1137
photo_2020-01-29_13-22-29 (44).jpg,960,1280,lada hijau,526,710,677,1145
photo_2020-01-29_13-22-29 (45).jpg,960,1280,lada merah,594,117,882,782
photo_2020-01-29_13-22-29 (45).jpg,960,1280,lada merah,553,217,708,814
photo_2020-01-29_13-22-29 (45).jpg,960,1280,lada merah,496,182,663,915
photo_2020-01-29_13-22-29 (45).jpg,960,1280,lada merah,367,247,624,853
photo_2020-01-29_13-22-29 (45).jpg,960,1280,lada merah,339,441,555,1112
photo_2020-01-29_13-22-29 (45).jpg,960,1280,lada merah,218,592,386,1080
photo_2020-01-29_13-22-29 (45).jpg,960,1280,lada merah,135,317,333,876
photo_2020-01-29_13-22-29 (46).jpg,960,1280,lada merah,565,147,857,782
photo_2020-01-29_13-22-29 (46).jpg,960,1280,lada merah,522,251,702,843
photo_2020-01-29_13-22-29 (46).jpg,960,1280,lada merah,337,253,608,827
photo_2020-01-29_13-22-29 (46).jpg,960,1280,lada merah,130,327,322,884
photo_2020-01-29_13-22-29 (46).jpg,960,1280,lada merah,310,449,535,1117
photo_2020-01-29_13-22-29 (46).jpg,960,1280,lada merah,208,615,381,1059
photo_2020-01-29_13-22-29 (46).jpg,960,1280,lada merah,467,188,645,908
photo_2020-01-29_13-22-29 (47).jpg,960,1280,lada hijau,512,266,810,714
photo_2020-01-29_13-22-29 (47).jpg,960,1280,lada hijau,408,182,735,733
photo_2020-01-29_13-22-29 (47).jpg,960,1280,lada hijau,569,653,875,1037
photo_2020-01-29_13-22-29 (47).jpg,960,1280,lada hijau,141,312,302,859
photo_2020-01-29_13-22-29 (47).jpg,960,1280,lada hijau,169,429,361,951
photo_2020-01-29_13-22-29 (47).jpg,960,1280,lada hijau,255,665,428,1072
photo_2020-01-29_13-22-29 (47).jpg,960,1280,lada hijau,422,704,543,1006
photo_2020-01-29_13-22-29 (48).jpg,960,1280,lada hijau,541,272,871,729
photo_2020-01-29_13-22-29 (48).jpg,960,1280,lada hijau,437,174,771,714
photo_2020-01-29_13-22-29 (48).jpg,960,1280,lada hijau,612,670,884,1074
photo_2020-01-29_13-22-29 (48).jpg,960,1280,lada hijau,145,314,337,835
photo_2020-01-29_13-22-29 (48).jpg,960,1280,lada hijau,190,431,375,939
photo_2020-01-29_13-22-29 (48).jpg,960,1280,lada hijau,257,668,475,1090
photo_2020-01-29_13-22-29 (48).jpg,960,1280,lada hijau,435,765,581,1035
photo_2020-01-29_13-22-29 (48).jpg,960,1280,lada hijau,349,565,473,959
photo_2020-01-29_13-22-29 (48).jpg,960,1280,lada hijau,514,525,730,961
photo_2020-01-29_13-22-29 (49).jpg,1280,960,lada hijau,596,169,825,672
photo_2020-01-29_13-22-29 (5).jpg,960,1280,lada hijau,128,578,745,878
photo_2020-01-29_13-22-29 (50).jpg,1280,960,lada hijau,409,377,980,567
photo_2020-01-29_13-22-29 (51).jpg,1280,960,lada hijau,638,202,830,715
photo_2020-01-29_13-22-29 (52).jpg,1280,960,lada hijau,474,374,990,586
photo_2020-01-29_13-22-29 (6).jpg,1280,960,lada hijau,627,158,869,733
photo_2020-01-29_13-22-29 (7).jpg,1280,960,lada hijau,428,317,1050,509
photo_2020-01-29_13-22-29 (8).jpg,960,1280,lada hijau,155,541,794,823
photo_2020-01-29_13-22-29 (9).jpg,1280,960,lada hijau,674,215,902,639
photo_2020-01-29_13-22-29.jpg,1280,960,lada merah,488,165,797,740
photo_2020-01-29_13-22-56 (2).jpg,1280,960,lada hijau,602,209,796,772
photo_2020-01-29_13-22-56 (3).jpg,1280,960,lada hijau,575,187,762,665
photo_2020-01-29_13-22-56 (4).jpg,1280,960,lada hijau,613,128,862,736
photo_2020-01-29_13-22-56 (5).jpg,1280,960,lada hijau,600,115,821,608
photo_2020-01-29_13-22-56 (6).jpg,1280,960,lada hijau,393,317,1013,527
photo_2020-01-29_13-22-56 (7).jpg,1280,960,lada hijau,471,130,691,786
photo_2020-01-29_13-22-56 (8).jpg,1280,960,lada hijau,641,252,877,806
photo_2020-01-29_13-22-56.jpg,1280,960,lada hijau,571,230,802,787
photo_2020-01-29_13-22-57 (10).jpg,960,1280,lada kuning,377,378,551,888
photo_2020-01-29_13-22-57 (11).jpg,1280,960,lada kuning,618,137,777,786
photo_2020-01-29_13-22-57 (12).jpg,1280,960,lada kuning,553,155,763,834
photo_2020-01-29_13-22-57 (13).jpg,1280,960,lada kuning,580,167,763,852
photo_2020-01-29_13-22-57 (14).jpg,1280,960,lada hijau,275,409,941,586
photo_2020-01-29_13-22-57 (15).jpg,1280,960,lada hijau,618,215,772,839
photo_2020-01-29_13-22-57 (16).jpg,1280,960,lada hijau,584,144,752,689
photo_2020-01-29_13-22-57 (17).jpg,1280,960,lada hijau,541,46,727,517
photo_2020-01-29_13-22-57 (18).jpg,1280,960,lada hijau,240,467,983,717
photo_2020-01-29_13-22-57 (19).jpg,1280,960,lada hijau,631,146,802,487
photo_2020-01-29_13-22-57 (2).jpg,1280,960,lada kuning,334,405,1034,624
photo_2020-01-29_13-22-57 (20).jpg,1280,960,lada hijau,321,214,966,443
photo_2020-01-29_13-22-57 (21).jpg,1280,960,lada hijau,475,249,1202,497
photo_2020-01-29_13-22-57 (22).jpg,1280,960,lada hijau,691,142,897,608
photo_2020-01-29_13-22-57 (23).jpg,1280,960,lada hijau,384,171,994,393
photo_2020-01-29_13-22-57 (24).jpg,1280,960,lada merah,593,274,824,871
photo_2020-01-29_13-22-57 (25).jpg,1280,960,lada merah,628,122,881,643
photo_2020-01-29_13-22-57 (26).jpg,1280,960,lada merah,366,340,946,534
photo_2020-01-29_13-22-57 (27).jpg,1280,960,lada merah,550,172,740,719
photo_2020-01-29_13-22-57 (28).jpg,1280,960,lada merah,385,272,1008,515
photo_2020-01-29_13-22-57 (29).jpg,1280,960,lada merah,633,74,844,796
photo_2020-01-29_13-22-57 (3).jpg,1280,960,lada kuning,556,169,781,871
photo_2020-01-29_13-22-57 (30).jpg,1280,960,lada merah,634,197,818,880
photo_2020-01-29_13-22-57 (31).jpg,1280,960,lada merah,241,190,1168,468
photo_2020-01-29_13-22-57 (32).jpg,1280,960,lada merah,506,50,774,799
photo_2020-01-29_13-22-57 (33).jpg,1280,960,lada merah,243,272,1097,567
photo_2020-01-29_13-22-57 (34).jpg,1280,960,lada merah,618,186,809,734
photo_2020-01-29_13-22-57 (35).jpg,1280,960,lada merah,580,121,803,714
photo_2020-01-29_13-22-57 (36).jpg,1280,960,lada merah,624,169,859,617
photo_2020-01-29_13-22-57 (37).jpg,1280,960,lada merah,234,325,1093,472
photo_2020-01-29_13-22-57 (38).jpg,1280,960,lada merah,615,67,934,702
photo_2020-01-29_13-22-57 (39).jpg,1280,960,lada merah,710,80,955,844
photo_2020-01-29_13-22-57 (4).jpg,1280,960,lada kuning,184,325,1160,596
photo_2020-01-29_13-22-57 (40).jpg,1280,960,lada merah,494,86,716,828
photo_2020-01-29_13-22-57 (41).jpg,1280,960,lada merah,550,168,760,780
photo_2020-01-29_13-22-57 (42).jpg,1280,960,lada merah,255,244,1230,502
photo_2020-01-29_13-22-57 (43).jpg,1280,960,lada merah,305,168,1140,427
photo_2020-01-29_13-22-57 (5).jpg,1280,960,lada kuning,477,242,1160,489
photo_2020-01-29_13-22-57 (6).jpg,1280,960,lada kuning,494,225,768,790
photo_2020-01-29_13-22-57 (7).jpg,960,1280,lada kuning,371,429,679,968
photo_2020-01-29_13-22-57 (8).jpg,960,1280,lada kuning,247,551,749,772
photo_2020-01-29_13-22-57 (9).jpg,960,1280,lada kuning,167,590,673,763
photo_2020-01-29_13-22-57.jpg,1280,960,lada kuning,319,450,988,636
photo_2020-01-29_13-23-07 (10).jpg,1280,960,lada merah,568,153,1035,555
photo_2020-01-29_13-23-07 (11).jpg,1280,960,lada merah,316,197,1097,483
photo_2020-01-29_13-23-07 (12).jpg,1280,960,lada merah,371,277,1130,471
photo_2020-01-29_13-23-07 (13).jpg,1280,960,lada merah,634,142,888,725
photo_2020-01-29_13-23-07 (14).jpg,1280,960,lada merah,560,75,809,753
photo_2020-01-29_13-23-07 (15).jpg,1280,960,lada merah,472,228,691,862
photo_2020-01-29_13-23-07 (2).jpg,1280,960,lada merah,271,221,990,419
photo_2020-01-29_13-23-07 (3).jpg,1280,960,lada merah,652,146,912,789
photo_2020-01-29_13-23-07 (4).jpg,1280,960,lada merah,575,112,777,678
photo_2020-01-29_13-23-07 (5).jpg,1280,960,lada merah,210,192,1241,456
photo_2020-01-29_13-23-07 (6).jpg,1280,960,lada merah,243,219,1093,459
photo_2020-01-29_13-23-07 (7).jpg,1280,960,lada merah,560,240,925,800
photo_2020-01-29_13-23-07 (8).jpg,1280,960,lada merah,402,58,709,764
photo_2020-01-29_13-23-07 (9).jpg,1280,960,lada merah,285,233,1121,484
photo_2020-01-29_13-23-07.jpg,1280,960,lada merah,619,96,815,744
photo_2020-01-29_13-23-08 (10).jpg,1280,960,lada merah,525,167,719,665
photo_2020-01-29_13-23-08 (11).jpg,1280,960,lada merah,174,277,1259,655
photo_2020-01-29_13-23-08 (12).jpg,1280,960,lada merah,191,244,1096,564
photo_2020-01-29_13-23-08 (13).jpg,1280,960,lada merah,637,44,935,867
photo_2020-01-29_13-23-08 (14).jpg,1280,960,lada merah,655,289,827,828
photo_2020-01-29_13-23-08 (15).jpg,1280,960,lada merah,233,372,1016,615
photo_2020-01-29_13-23-08 (16).jpg,1280,960,lada merah,596,242,790,781
photo_2020-01-29_13-23-08 (17).jpg,1280,960,lada hijau,400,399,991,575
photo_2020-01-29_13-23-08 (18).jpg,1280,960,lada hijau,605,230,752,821
photo_2020-01-29_13-23-08 (19).jpg,1280,960,lada merah,487,315,1066,556
photo_2020-01-29_13-23-08 (2).jpg,1280,960,lada merah,410,343,1168,568
photo_2020-01-29_13-23-08 (20).jpg,1280,960,lada hijau,668,272,875,697
photo_2020-01-29_13-23-08 (21).jpg,1280,960,lada hijau,506,361,928,534
photo_2020-01-29_13-23-08 (22).jpg,1280,960,lada merah,365,300,1194,496
photo_2020-01-29_13-23-08 (23).jpg,1280,960,lada merah,610,109,805,674
photo_2020-01-29_13-23-08 (24).jpg,1280,960,lada merah,475,161,759,746
photo_2020-01-29_13-23-08 (25).jpg,1280,960,lada merah,646,34,877,847
photo_2020-01-29_13-23-08 (26).jpg,1280,960,lada merah,628,219,827,830
photo_2020-01-29_13-23-08 (27).jpg,1280,960,lada merah,225,233,1072,494
photo_2020-01-29_13-23-08 (28).jpg,1280,960,lada merah,265,172,1187,350
photo_2020-01-29_13-23-08 (29).jpg,1280,960,lada merah,330,287,1121,502
photo_2020-01-29_13-23-08 (3).jpg,1280,960,lada merah,335,202,1106,421
photo_2020-01-29_13-23-08 (30).jpg,1280,960,lada merah,566,202,771,739
photo_2020-01-29_13-23-08 (31).jpg,1280,960,lada merah,365,275,980,487
photo_2020-01-29_13-23-08 (4).jpg,1280,960,lada merah,283,342,1115,518
photo_2020-01-29_13-23-08 (5).jpg,1280,960,lada merah,702,105,883,531
photo_2020-01-29_13-23-08 (6).jpg,1280,960,lada merah,625,230,794,664
photo_2020-01-29_13-23-08 (7).jpg,1280,960,lada merah,433,330,1124,546
photo_2020-01-29_13-23-08 (8).jpg,1280,960,lada merah,412,192,652,744
photo_2020-01-29_13-23-08 (9).jpg,1280,960,lada merah,666,75,963,668
photo_2020-01-29_13-23-08.jpg,1280,960,lada merah,513,169,780,811
photo_2020-01-29_13-23-09 (2).jpg,1280,960,lada merah,622,109,849,696
photo_2020-01-29_13-23-09 (3).jpg,1280,960,lada hijau,681,217,881,634
photo_2020-01-29_13-23-09 (4).jpg,1280,960,lada merah,503,194,768,730
photo_2020-01-29_13-23-09.jpg,1280,960,lada hijau,566,346,1000,508
photo_2020-01-29_13-23-38 (10).jpg,1280,960,lada hijau,605,362,959,569
photo_2020-01-29_13-23-38 (11).jpg,1280,960,lada hijau,565,261,787,644
photo_2020-01-29_13-23-38 (12).jpg,1280,960,lada hijau,569,259,784,646
photo_2020-01-29_13-23-38 (13).jpg,1280,960,lada hijau,578,275,762,640
photo_2020-01-29_13-23-38 (2).jpg,1280,960,lada hijau,565,177,712,752
photo_2020-01-29_13-23-38 (3).jpg,1280,960,lada hijau,360,455,934,592
photo_2020-01-29_13-23-38 (4).jpg,1280,960,lada hijau,583,136,755,668
photo_2020-01-29_13-23-38 (5).jpg,1280,960,lada hijau,590,143,775,665
photo_2020-01-29_13-23-38 (6).jpg,1280,960,lada hijau,363,468,925,608
photo_2020-01-29_13-23-38 (7).jpg,1280,960,lada hijau,485,412,1050,586
photo_2020-01-29_13-23-38 (8).jpg,1280,960,lada hijau,487,434,1052,602
photo_2020-01-29_13-23-38 (9).jpg,1280,960,lada hijau,635,239,799,625
photo_2020-01-29_13-23-38.jpg,1280,960,lada hijau,343,375,931,539
photo_2020-01-29_13-23-39 (10).jpg,1280,960,lada hijau,649,259,797,705
photo_2020-01-29_13-23-39 (11).jpg,1280,960,lada merah,621,108,793,647
photo_2020-01-29_13-23-39 (12).jpg,1280,960,lada merah,433,384,1008,583
photo_2020-01-29_13-23-39 (13).jpg,1280,960,lada merah,637,127,835,706
photo_2020-01-29_13-23-39 (14).jpg,1280,960,lada merah,416,378,1030,542
photo_2020-01-29_13-23-39 (15).jpg,1280,960,lada merah,378,375,959,594
photo_2020-01-29_13-23-39 (16).jpg,1280,960,lada merah,591,153,756,730
photo_2020-01-29_13-23-39 (17).jpg,1280,960,lada merah,427,381,1028,549
photo_2020-01-29_13-23-39 (18).jpg,1280,960,lada merah,625,124,787,761
photo_2020-01-29_13-23-39 (19).jpg,1280,960,lada merah,331,305,1002,490
photo_2020-01-29_13-23-39 (2).jpg,1280,960,lada hijau,480,334,900,483
photo_2020-01-29_13-23-39 (20).jpg,1280,960,lada merah,552,165,880,622
photo_2020-01-29_13-23-39 (21).jpg,1280,960,lada merah,391,222,965,562
photo_2020-01-29_13-23-39 (22).jpg,1280,960,lada merah,571,193,797,780
photo_2020-01-29_13-23-39 (23).jpg,1280,960,lada merah,585,83,928,514
photo_2020-01-29_13-23-39 (24).jpg,1280,960,lada merah,416,337,1055,622
photo_2020-01-29_13-23-39 (25).jpg,1280,960,lada hijau,394,487,985,705
photo_2020-01-29_13-23-39 (26).jpg,1280,960,lada hijau,440,434,984,639
photo_2020-01-29_13-23-39 (27).jpg,1280,960,lada merah,266,155,1174,381
photo_2020-01-29_13-23-39 (28).jpg,1280,960,lada merah,625,150,902,743
photo_2020-01-29_13-23-39 (29).jpg,1280,960,lada merah,613,90,959,672
photo_2020-01-29_13-23-39 (3).jpg,1280,960,lada hijau,668,277,822,659
photo_2020-01-29_13-23-39 (30).jpg,1280,960,lada merah,566,52,819,842
photo_2020-01-29_13-23-39 (31).jpg,1280,960,lada merah,613,59,941,761
photo_2020-01-29_13-23-39 (32).jpg,1280,960,lada merah,580,114,777,765
photo_2020-01-29_13-23-39 (33).jpg,1280,960,lada merah,556,237,716,812
photo_2020-01-29_13-23-39 (34).jpg,1280,960,lada merah,583,244,793,815
photo_2020-01-29_13-23-39 (35).jpg,1280,960,lada merah,546,108,827,658
photo_2020-01-29_13-23-39 (36).jpg,1280,960,lada merah,580,168,849,774
photo_2020-01-29_13-23-39 (4).jpg,1280,960,lada hijau,646,187,785,665
photo_2020-01-29_13-23-39 (5).jpg,1280,960,lada hijau,249,225,943,417
photo_2020-01-29_13-23-39 (6).jpg,1280,960,lada hijau,516,406,919,572
photo_2020-01-29_13-23-39 (7).jpg,1280,960,lada hijau,552,249,755,775
photo_2020-01-29_13-23-39 (8).jpg,1280,960,lada hijau,599,289,824,844
photo_2020-01-29_13-23-39 (9).jpg,1280,960,lada hijau,438,328,924,484
photo_2020-01-29_13-23-39.jpg,1280,960,lada hijau,633,247,784,642
photo_2020-01-29_13-23-51 (10).jpg,1280,960,lada merah,605,39,793,524
photo_2020-01-29_13-23-51 (11).jpg,1280,960,lada merah,619,117,808,619
photo_2020-01-29_13-23-51 (12).jpg,1280,960,lada merah,594,137,750,544
photo_2020-01-29_13-23-51 (13).jpg,1280,960,lada merah,594,137,740,540
photo_2020-01-29_13-23-51 (14).jpg,1280,960,lada merah,485,271,1213,474
photo_2020-01-29_13-23-51 (15).jpg,1280,960,lada merah,643,218,803,724
photo_2020-01-29_13-23-51 (16).jpg,1280,960,lada merah,652,231,787,747
photo_2020-01-29_13-23-51 (17).jpg,1280,960,lada merah,293,247,994,431
photo_2020-01-29_13-23-51 (18).jpg,1280,960,lada merah,224,265,1181,521
photo_2020-01-29_13-23-51 (19).jpg,1280,960,lada merah,360,269,1185,442
photo_2020-01-29_13-23-51 (2).jpg,1280,960,lada merah,519,284,722,802
photo_2020-01-29_13-23-51 (20).jpg,1280,960,lada merah,428,344,1066,502
photo_2020-01-29_13-23-51 (21).jpg,1280,960,lada merah,502,180,783,834
photo_2020-01-29_13-23-51 (22).jpg,1280,960,lada merah,622,139,890,772
photo_2020-01-29_13-23-51 (23).jpg,1280,960,lada merah,556,212,760,753
photo_2020-01-29_13-23-51 (24).jpg,1280,960,lada merah,569,169,781,508
photo_2020-01-29_13-23-51 (25).jpg,1280,960,lada merah,269,281,803,474
photo_2020-01-29_13-23-51 (26).jpg,1280,960,lada merah,334,290,1280,573
photo_2020-01-29_13-23-51 (27).jpg,1280,960,lada merah,359,231,1075,456
photo_2020-01-29_13-23-51 (28).jpg,1280,960,lada merah,502,180,846,708
photo_2020-01-29_13-23-51 (29).jpg,1280,960,lada merah,656,286,885,749
photo_2020-01-29_13-23-51 (3).jpg,1280,960,lada merah,560,189,772,592
photo_2020-01-29_13-23-51 (30).jpg,1280,960,lada merah,618,75,843,503
photo_2020-01-29_13-23-51 (31).jpg,1280,960,lada merah,391,218,1046,418
photo_2020-01-29_13-23-51 (32).jpg,1280,960,lada merah,419,367,968,615
photo_2020-01-29_13-23-51 (33).jpg,1280,960,lada merah,424,371,975,621
photo_2020-01-29_13-23-51 (34).jpg,1280,960,lada merah,624,189,884,815
photo_2020-01-29_13-23-51 (35).jpg,1280,960,lada merah,702,143,931,864
photo_2020-01-29_13-23-51 (36).jpg,1280,960,lada merah,396,369,1122,577
photo_2020-01-29_13-23-51 (37).jpg,1280,960,lada merah,581,119,846,867
photo_2020-01-29_13-23-51 (38).jpg,1280,960,lada merah,571,136,827,621
photo_2020-01-29_13-23-51 (39).jpg,1280,960,lada merah,274,239,1228,568
photo_2020-01-29_13-23-51 (4).jpg,1280,960,lada merah,627,215,796,812
photo_2020-01-29_13-23-51 (40).jpg,1280,960,lada merah,534,265,718,684
photo_2020-01-29_13-23-51 (41).jpg,1280,960,lada merah,353,315,1058,549
photo_2020-01-29_13-23-51 (42).jpg,1280,960,lada merah,312,211,1212,486
photo_2020-01-29_13-23-51 (43).jpg,1280,960,lada merah,616,274,731,596
photo_2020-01-29_13-23-51 (44).jpg,1280,960,lada merah,544,158,728,711
photo_2020-01-29_13-23-51 (45).jpg,1280,960,lada merah,237,144,959,365
photo_2020-01-29_13-23-51 (46).jpg,1280,960,lada merah,658,215,906,669
photo_2020-01-29_13-23-51 (47).jpg,1280,960,lada merah,396,305,997,478
photo_2020-01-29_13-23-51 (48).jpg,1280,960,lada merah,640,212,884,731
photo_2020-01-29_13-23-51 (49).jpg,1280,960,lada merah,487,293,715,881
photo_2020-01-29_13-23-51 (5).jpg,1280,960,lada merah,655,183,818,531
photo_2020-01-29_13-23-51 (50).jpg,1280,960,lada merah,393,219,1072,474
photo_2020-01-29_13-23-51 (51).jpg,1280,960,lada merah,666,111,894,527
photo_2020-01-29_13-23-51 (52).jpg,1280,960,lada merah,656,146,906,514
photo_2020-01-29_13-23-51 (6).jpg,1280,960,lada merah,625,133,849,634
photo_2020-01-29_13-23-51 (7).jpg,1280,960,lada merah,455,278,1130,472
photo_2020-01-29_13-23-51 (8).jpg,1280,960,lada merah,678,105,855,565
photo_2020-01-29_13-23-51 (9).jpg,1280,960,lada merah,638,128,846,742
photo_2020-01-29_13-23-51.jpg,1280,960,lada merah,427,290,1185,494
photo_2020-01-29_13-24-07 (2).jpg,1280,960,lada merah,544,187,710,769
photo_2020-01-29_13-24-07 (3).jpg,1280,960,lada merah,590,272,778,871
photo_2020-01-29_13-24-07 (4).jpg,1280,960,lada merah,277,396,1184,639
photo_2020-01-29_13-24-07 (5).jpg,1280,960,lada merah,671,134,993,542
photo_2020-01-29_13-24-07 (6).jpg,1280,960,lada merah,544,289,1138,725
photo_2020-01-29_13-24-07 (7).jpg,1280,960,lada merah,644,131,1024,730
photo_2020-01-29_13-24-07 (8).jpg,1280,960,lada merah,678,94,1003,778
photo_2020-01-29_13-24-07.jpg,1280,960,lada merah,378,312,1187,528
photo_2020-01-29_13-24-08 (10).jpg,1280,960,lada merah,471,75,716,574
photo_2020-01-29_13-24-08 (11).jpg,1280,960,lada merah,563,134,810,750
photo_2020-01-29_13-24-08 (12).jpg,1280,960,lada merah,299,350,1178,589
photo_2020-01-29_13-24-08 (13).jpg,1280,960,lada merah,575,215,758,661
photo_2020-01-29_13-24-08 (14).jpg,1280,960,lada merah,631,308,760,772
photo_2020-01-29_13-24-08 (15).jpg,1280,960,lada merah,609,96,822,625
photo_2020-01-29_13-24-08 (16).jpg,1280,960,lada merah,283,311,1135,668
photo_2020-01-29_13-24-08 (17).jpg,1280,960,lada merah,649,359,878,925
photo_2020-01-29_13-24-08 (18).jpg,1280,960,lada merah,321,250,1066,467
photo_2020-01-29_13-24-08 (19).jpg,1280,960,lada merah,265,409,1194,656
photo_2020-01-29_13-24-08 (2).jpg,1280,960,lada merah,150,272,1249,533
photo_2020-01-29_13-24-08 (20).jpg,1280,960,lada merah,584,172,790,772
photo_2020-01-29_13-24-08 (21).jpg,1280,960,lada merah,534,228,696,775
photo_2020-01-29_13-24-08 (22).jpg,1280,960,lada merah,518,119,771,703
photo_2020-01-29_13-24-08 (23).jpg,1280,960,lada merah,252,302,1127,527
photo_2020-01-29_13-24-08 (24).jpg,1280,960,lada merah,627,139,837,561
photo_2020-01-29_13-24-08 (25).jpg,1280,960,lada merah,649,84,834,562
photo_2020-01-29_13-24-08 (26).jpg,1280,960,lada merah,594,203,772,708
photo_2020-01-29_13-24-08 (27).jpg,1280,960,lada merah,258,347,1090,589
photo_2020-01-29_13-24-08 (28).jpg,1280,960,lada merah,468,217,693,897
photo_2020-01-29_13-24-08 (29).jpg,1280,960,lada merah,394,224,1005,409
photo_2020-01-29_13-24-08 (3).jpg,1280,960,lada merah,166,261,1187,480
photo_2020-01-29_13-24-08 (30).jpg,1280,960,lada merah,285,296,1049,483
photo_2020-01-29_13-24-08 (31).jpg,1280,960,lada merah,588,115,777,608
photo_2020-01-29_13-24-08 (32).jpg,1280,960,lada merah,683,149,900,617
photo_2020-01-29_13-24-08 (33).jpg,1280,960,lada merah,358,193,1099,409
photo_2020-01-29_13-24-08 (34).jpg,1280,960,lada merah,547,150,833,678
photo_2020-01-29_13-24-08 (35).jpg,1280,960,lada merah,266,208,1197,453
photo_2020-01-29_13-24-08 (36).jpg,1280,960,lada hijau,488,347,885,558
photo_2020-01-29_13-24-08 (37).jpg,1280,960,lada merah,388,368,940,718
photo_2020-01-29_13-24-08 (4).jpg,1280,960,lada merah,305,253,1005,447
photo_2020-01-29_13-24-08 (5).jpg,1280,960,lada merah,472,65,728,597
photo_2020-01-29_13-24-08 (6).jpg,1280,960,lada merah,566,133,815,764
photo_2020-01-29_13-24-08 (7).jpg,1280,960,lada merah,259,327,1193,589
photo_2020-01-29_13-24-08 (8).jpg,1280,960,lada merah,181,228,1168,503
photo_2020-01-29_13-24-08 (9).jpg,1280,960,lada merah,296,239,1024,478
photo_2020-01-29_13-24-08.jpg,1280,960,lada merah,708,127,890,565
photo_2020-01-30_22-03-46.jpg,750,400,lada hijau,220,101,265,265
photo_2020-01-30_22-03-46.jpg,750,400,lada hijau,81,120,202,241
photo_2020-01-30_22-03-46.jpg,750,400,lada hijau,109,243,180,376
photo_2020-01-30_22-03-46.jpg,750,400,lada hijau,422,87,515,332
photo_2020-01-30_22-03-46.jpg,750,400,lada hijau,646,29,748,202
photo_2020-01-30_22-03-46.jpg,750,400,lada hijau,51,87,107,248
photo_2020-01-30_22-03-46.jpg,750,400,lada hijau,462,63,499,238
photo_2020-01-30_22-03-46.jpg,750,400,lada hijau,309,97,378,319
photo_2020-01-30_22-03-46.jpg,750,400,lada hijau,436,1,547,116
photo_2020-01-30_22-03-46.jpg,750,400,lada hijau,606,54,684,225
photo_2020-01-30_22-03-46.jpg,750,400,lada hijau,537,282,605,400
photo_2020-01-30_22-03-46.jpg,750,400,lada merah,53,210,154,335
photo_2020-01-30_22-03-46.jpg,750,400,lada merah,1,167,96,234
photo_2020-01-30_22-03-46.jpg,750,400,lada merah,438,145,526,321
photo_2020-01-30_22-03-46.jpg,750,400,lada merah,305,195,418,398
photo_2020-01-30_22-03-46.jpg,750,400,lada merah,246,179,317,300
photo_2020-01-30_22-03-48 (2).jpg,800,600,lada merah,378,248,504,458
photo_2020-01-30_22-03-48 (2).jpg,800,600,lada merah,283,214,409,435
photo_2020-01-30_22-03-48 (2).jpg,800,600,lada merah,209,247,322,450
photo_2020-01-30_22-03-48 (2).jpg,800,600,lada merah,196,51,278,226
photo_2020-01-30_22-03-48 (2).jpg,800,600,lada merah,459,84,551,269
photo_2020-01-30_22-03-48 (2).jpg,800,600,lada merah,556,290,645,588
photo_2020-01-30_22-03-48 (2).jpg,800,600,lada merah,624,386,703,569
photo_2020-01-30_22-03-48 (2).jpg,800,600,lada merah,674,267,750,428
photo_2020-01-30_22-03-48 (2).jpg,800,600,lada merah,726,282,800,404
photo_2020-01-30_22-03-48 (2).jpg,800,600,lada merah,135,349,231,535
photo_2020-01-30_22-03-48 (2).jpg,800,600,lada merah,378,4,483,151
photo_2020-01-30_22-03-48 (2).jpg,800,600,lada merah,334,428,592,540
photo_2020-01-30_22-03-48 (2).jpg,800,600,lada merah,275,525,585,600
photo_2020-01-30_22-03-48 (2).jpg,800,600,lada merah,260,67,433,151
photo_2020-01-30_22-03-48.jpg,800,600,lada merah,471,83,561,276
photo_2020-01-30_22-03-48.jpg,800,600,lada merah,551,301,648,598
photo_2020-01-30_22-03-48.jpg,800,600,lada merah,618,384,710,572
photo_2020-01-30_22-03-48.jpg,800,600,lada merah,666,263,753,450
photo_2020-01-30_22-03-48.jpg,800,600,lada merah,729,275,800,405
photo_2020-01-30_22-03-48.jpg,800,600,lada merah,214,270,312,454
photo_2020-01-30_22-03-48.jpg,800,600,lada merah,379,252,510,459
photo_2020-01-30_22-03-48.jpg,800,600,lada merah,323,431,592,538
photo_2020-01-30_22-03-48.jpg,800,600,lada merah,296,522,557,597
photo_2020-01-30_22-03-48.jpg,800,600,lada merah,188,55,305,217
photo_2020-01-30_22-03-48.jpg,800,600,lada merah,379,1,479,154
photo_2020-01-30_22-03-48.jpg,800,600,lada merah,126,353,234,534
photo_2020-01-30_22-03-48.jpg,800,600,lada merah,155,204,322,294
photo_2020-01-30_22-03-49.jpg,800,800,lada hijau,253,230,681,626
photo_2020-01-30_22-03-49.jpg,800,800,lada hijau,174,313,389,445
photo_2020-01-30_22-03-49.jpg,800,800,lada hijau,171,367,479,562
photo_2020-01-30_22-03-49.jpg,800,800,lada hijau,238,173,655,451
photo_2020-01-30_22-03-50 (2).jpg,600,450,lada hijau,40,296,499,391
photo_2020-01-30_22-03-50 (2).jpg,600,450,lada hijau,52,268,495,360
photo_2020-01-30_22-03-50 (2).jpg,600,450,lada hijau,31,141,466,263
photo_2020-01-30_22-03-50 (2).jpg,600,450,lada hijau,113,221,476,309
photo_2020-01-30_22-03-50 (3).jpg,600,450,lada hijau,111,219,471,308
photo_2020-01-30_22-03-50 (3).jpg,600,450,lada hijau,40,294,476,400
photo_2020-01-30_22-03-50 (3).jpg,600,450,lada hijau,45,274,485,358
photo_2020-01-30_22-03-50 (3).jpg,600,450,lada hijau,35,145,459,268
photo_2020-01-30_22-03-50.jpg,600,450,lada hijau,35,302,494,401
photo_2020-01-30_22-03-50.jpg,600,450,lada hijau,106,215,485,306
photo_2020-01-30_22-03-50.jpg,600,450,lada hijau,48,272,497,364
photo_2020-01-30_22-03-50.jpg,600,450,lada hijau,33,136,467,265
photo_2020-01-30_22-03-51 (2).jpg,400,369,lada hijau,30,158,353,331
photo_2020-01-30_22-03-51 (2).jpg,400,369,lada hijau,101,105,384,195
photo_2020-01-30_22-03-51 (2).jpg,400,369,lada hijau,1,65,203,248
photo_2020-01-30_22-03-51 (2).jpg,400,369,lada hijau,198,80,400,139
photo_2020-01-30_22-03-51 (2).jpg,400,369,lada hijau,126,195,400,295
photo_2020-01-30_22-03-51.jpg,320,192,lada hijau,45,113,320,162
photo_2020-01-30_22-03-51.jpg,320,192,lada hijau,88,68,255,145
photo_2020-01-30_22-03-51.jpg,320,192,lada hijau,91,1,291,127
photo_2020-01-30_22-03-51.jpg,320,192,lada hijau,45,43,120,192
photo_2020-01-30_22-03-53.jpg,640,480,lada merah,75,29,602,229
photo_2020-01-30_22-03-53.jpg,640,480,lada merah,101,146,396,433
photo_2020-01-30_22-03-53.jpg,640,480,lada merah,212,74,576,385
photo_2020-01-30_22-03-54 (2).jpg,620,350,lada merah,88,106,470,294
photo_2020-01-30_22-03-54 (2).jpg,620,350,lada hijau,66,44,459,187
photo_2020-01-30_22-03-54.jpg,620,350,lada hijau,67,39,467,191
photo_2020-01-30_22-03-54.jpg,620,350,lada merah,91,116,467,293
photo_2020-01-30_22-03-55.jpg,400,400,lada merah,106,101,317,264
photo_2020-01-30_22-03-55.jpg,400,400,lada merah,1,56,306,191
photo_2020-01-30_22-03-55.jpg,400,400,lada merah,71,127,334,283
photo_2020-01-30_22-03-55.jpg,400,400,lada merah,135,177,356,340
photo_2020-01-30_22-03-57.jpg,1215,850,lada merah,474,411,1109,707
photo_2020-01-30_22-03-57.jpg,1215,850,lada merah,244,61,915,195
photo_2020-01-30_22-03-57.jpg,1215,850,lada merah,298,99,966,294
photo_2020-01-30_22-03-57.jpg,1215,850,lada merah,407,226,1130,361
photo_2020-01-30_22-03-57.jpg,1215,850,lada merah,424,335,1067,492
photo_2020-01-30_22-03-57.jpg,1215,850,lada merah,339,437,1006,565
photo_2020-01-30_22-03-57.jpg,1215,850,lada merah,559,116,1079,394
photo_2020-01-30_22-03-57.jpg,1215,850,lada merah,430,548,1041,814
photo_2020-01-30_22-03-58 (2).jpg,500,393,lada merah,1,81,196,321
photo_2020-01-30_22-03-58 (2).jpg,500,393,lada merah,260,185,500,348
photo_2020-01-30_22-03-58 (2).jpg,500,393,lada merah,56,103,371,195
photo_2020-01-30_22-03-58 (2).jpg,500,393,lada merah,80,167,368,257
photo_2020-01-30_22-03-58 (2).jpg,500,393,lada merah,28,229,361,299
photo_2020-01-30_22-03-58 (2).jpg,500,393,lada merah,223,160,422,393
photo_2020-01-30_22-03-58.jpg,500,393,lada merah,1,82,205,313
photo_2020-01-30_22-03-58.jpg,500,393,lada merah,55,126,350,199
photo_2020-01-30_22-03-58.jpg,500,393,lada merah,260,177,500,351
photo_2020-01-30_22-03-58.jpg,500,393,lada merah,214,230,394,393
photo_2020-01-30_22-03-58.jpg,500,393,lada merah,41,232,369,291
photo_2020-01-30_22-03-58.jpg,500,393,lada merah,79,173,375,251
photo_2020-01-30_22-03-59 (2).jpg,768,432,lada merah,197,108,768,312
photo_2020-01-30_22-03-59 (2).jpg,768,432,lada merah,144,83,624,365
photo_2020-01-30_22-03-59.jpg,320,209,lada merah,14,22,130,202
photo_2020-01-30_22-03-59.jpg,320,209,lada merah,74,24,196,199
photo_2020-01-30_22-03-59.jpg,320,209,lada merah,130,26,248,196
photo_2020-01-30_22-03-59.jpg,320,209,lada merah,191,28,307,198
photo_2020-01-30_22-04-00.jpg,1115,708,lada hijau,146,193,624,452
photo_2020-01-30_22-04-00.jpg,1115,708,lada hijau,450,245,970,448
photo_2020-01-30_22-04-00.jpg,1115,708,lada hijau,60,515,645,703
photo_2020-01-30_22-04-00.jpg,1115,708,lada hijau,509,462,1080,569
photo_2020-01-30_22-04-00.jpg,1115,708,lada hijau,254,412,765,536
photo_2020-01-30_22-04-00.jpg,1115,708,lada hijau,347,335,830,446
photo_2020-01-30_22-04-00.jpg,1115,708,lada hijau,200,75,709,292
photo_2020-01-30_22-04-01 (2).jpg,1280,1009,lada hijau,454,200,771,986
photo_2020-01-30_22-04-01.jpg,480,200,lada merah,104,33,427,125
photo_2020-01-30_22-04-01.jpg,480,200,lada merah,126,114,409,172
photo_2020-01-30_22-04-01.jpg,480,200,lada merah,119,11,414,145
photo_2020-01-30_22-04-01.jpg,480,200,lada merah,204,7,477,113
photo_2020-01-30_22-04-02 (2).jpg,448,297,lada hijau,179,91,296,144
photo_2020-01-30_22-04-02 (2).jpg,448,297,lada hijau,28,131,147,176
photo_2020-01-30_22-04-02 (2).jpg,448,297,lada hijau,24,201,147,240
photo_2020-01-30_22-04-02 (2).jpg,448,297,lada hijau,216,202,327,234
photo_2020-01-30_22-04-02 (2).jpg,448,297,lada hijau,210,165,324,222
photo_2020-01-30_22-04-02 (2).jpg,448,297,lada hijau,70,91,172,150
photo_2020-01-30_22-04-02 (2).jpg,448,297,lada hijau,175,62,289,107
photo_2020-01-30_22-04-02 (2).jpg,448,297,lada hijau,359,176,430,218
photo_2020-01-30_22-04-02 (2).jpg,448,297,lada hijau,1,169,109,215
photo_2020-01-30_22-04-02 (2).jpg,448,297,lada hijau,158,169,218,212
photo_2020-01-30_22-04-02.jpg,448,297,lada hijau,154,41,276,69
photo_2020-01-30_22-04-02.jpg,448,297,lada hijau,160,59,273,94
photo_2020-01-30_22-04-02.jpg,448,297,lada hijau,265,54,317,103
photo_2020-01-30_22-04-02.jpg,448,297,lada hijau,62,74,128,120
photo_2020-01-30_22-04-02.jpg,448,297,lada hijau,20,124,67,175
photo_2020-01-30_22-04-02.jpg,448,297,lada hijau,2,177,92,215
photo_2020-01-30_22-04-02.jpg,448,297,lada hijau,20,203,146,239
photo_2020-01-30_22-04-02.jpg,448,297,lada hijau,216,202,328,229
photo_2020-01-30_22-04-02.jpg,448,297,lada hijau,215,171,314,218
photo_2020-01-30_22-04-02.jpg,448,297,lada hijau,358,151,425,205
photo_2020-01-30_22-04-02.jpg,448,297,lada hijau,157,94,291,146
photo_2020-01-30_22-04-02.jpg,448,297,lada hijau,37,127,147,174
photo_2020-01-30_22-04-03 (2).jpg,400,312,lada hijau,90,180,329,227
photo_2020-01-30_22-04-03 (2).jpg,400,312,lada hijau,63,52,371,121
photo_2020-01-30_22-04-03 (2).jpg,400,312,lada hijau,69,83,375,166
photo_2020-01-30_22-04-03 (2).jpg,400,312,lada hijau,69,91,356,164
photo_2020-01-30_22-04-03 (2).jpg,400,312,lada hijau,67,156,307,196
photo_2020-01-30_22-04-03.jpg,600,600,lada hijau,83,275,234,431
photo_2020-01-30_22-04-03.jpg,600,600,lada hijau,213,147,403,424
photo_2020-01-30_22-04-03.jpg,600,600,lada hijau,163,172,362,394
photo_2020-01-30_22-04-03.jpg,600,600,lada hijau,178,214,351,415
photo_2020-01-30_22-04-03.jpg,600,600,lada hijau,119,195,301,387
photo_2020-01-30_22-04-03.jpg,600,600,lada hijau,131,341,401,497
photo_2020-01-30_22-04-03.jpg,600,600,lada hijau,293,114,527,267
photo_2020-01-30_22-04-03.jpg,600,600,lada hijau,367,252,504,353
photo_2020-01-30_22-04-04 (2).jpg,1102,284,lada hijau,7,46,907,270
photo_2020-01-30_22-04-04.jpg,1280,677,lada hijau,21,1,652,208
photo_2020-01-30_22-04-04.jpg,1280,677,lada hijau,464,182,1260,483
photo_2020-01-30_22-04-04.jpg,1280,677,lada hijau,207,435,1200,677
photo_2020-01-30_22-04-05 (2).jpg,500,372,lada hijau,124,99,414,360
photo_2020-01-30_22-04-05 (2).jpg,500,372,lada hijau,63,118,198,167
photo_2020-01-30_22-04-05 (2).jpg,500,372,lada hijau,47,149,268,205
photo_2020-01-30_22-04-05 (2).jpg,500,372,lada hijau,67,160,282,226
photo_2020-01-30_22-04-05 (2).jpg,500,372,lada hijau,66,195,361,266
photo_2020-01-30_22-04-05 (2).jpg,500,372,lada hijau,144,17,368,101
photo_2020-01-30_22-04-05 (2).jpg,500,372,lada hijau,290,116,463,274
photo_2020-01-30_22-04-05.jpg,350,350,lada hijau,19,130,272,236
photo_2020-01-30_22-04-06 (2).jpg,422,365,lada hijau,260,217,384,321
photo_2020-01-30_22-04-06 (2).jpg,422,365,lada hijau,174,238,280,312
photo_2020-01-30_22-04-06 (2).jpg,422,365,lada hijau,103,232,163,330
photo_2020-01-30_22-04-06 (2).jpg,422,365,lada hijau,181,107,327,158
photo_2020-01-30_22-04-06 (2).jpg,422,365,lada hijau,260,182,384,242
photo_2020-01-30_22-04-06 (2).jpg,422,365,lada hijau,206,155,350,183
photo_2020-01-30_22-04-06 (2).jpg,422,365,lada hijau,166,212,266,252
photo_2020-01-30_22-04-06 (2).jpg,422,365,lada hijau,76,189,122,310
photo_2020-01-30_22-04-06 (2).jpg,422,365,lada hijau,282,79,372,163
photo_2020-01-30_22-04-06 (2).jpg,422,365,lada hijau,69,101,107,153
photo_2020-01-30_22-04-06.jpg,320,192,lada hijau,191,26,249,137
photo_2020-01-30_22-04-06.jpg,320,192,lada hijau,86,64,204,84
photo_2020-01-30_22-04-06.jpg,320,192,lada hijau,138,75,203,105
photo_2020-01-30_22-04-06.jpg,320,192,lada hijau,113,95,220,124
photo_2020-01-30_22-04-06.jpg,320,192,lada hijau,119,116,224,134
photo_2020-01-30_22-04-06.jpg,320,192,lada hijau,133,135,232,158
photo_2020-01-30_22-04-06.jpg,320,192,lada hijau,43,113,75,192
photo_2020-01-30_22-04-06.jpg,320,192,lada hijau,23,15,117,61
photo_2020-01-30_22-04-06.jpg,320,192,lada hijau,1,13,73,51
photo_2020-01-30_22-04-06.jpg,320,192,lada hijau,124,22,196,66
photo_2020-01-30_22-04-06.jpg,320,192,lada hijau,287,36,319,124
photo_2020-01-30_22-04-06.jpg,320,192,lada hijau,98,165,221,189
photo_2020-01-30_22-04-06.jpg,320,192,lada hijau,98,80,134,192
photo_2020-01-30_22-04-06.jpg,320,192,lada hijau,2,57,69,91
photo_2020-01-30_22-04-07 (2).jpg,500,335,lada merah,58,98,262,269
photo_2020-01-30_22-04-07 (2).jpg,500,335,lada merah,18,200,322,306
photo_2020-01-30_22-04-07 (2).jpg,500,335,lada merah,43,254,369,335
photo_2020-01-30_22-04-07.jpg,600,348,lada merah,11,70,176,317
photo_2020-01-30_22-04-07.jpg,600,348,lada merah,143,218,498,325
photo_2020-01-30_22-04-07.jpg,600,348,lada merah,221,34,478,223
photo_2020-01-30_22-04-07.jpg,600,348,lada merah,290,155,564,248
photo_2020-01-30_22-04-08.jpg,800,500,lada merah,289,185,654,356
photo_2020-01-30_22-04-08.jpg,800,500,lada merah,55,127,412,359
photo_2020-01-30_22-04-08.jpg,800,500,lada merah,93,16,513,186
photo_2020-01-30_22-04-08.jpg,800,500,lada merah,149,306,584,496
photo_2020-01-30_22-04-08.jpg,800,500,lada merah,454,314,677,420
photo_2020-01-30_22-04-08.jpg,800,500,lada merah,620,183,764,374
photo_2020-01-30_22-04-09 (2).jpg,1280,502,lada merah,316,142,1164,399
photo_2020-01-30_22-04-09 (3).jpg,1280,502,lada merah,314,126,1156,405
photo_2020-01-30_22-04-09.jpg,620,411,lada merah,139,121,585,331
photo_2020-01-30_22-04-09.jpg,620,411,lada merah,103,246,267,357
photo_2020-01-30_22-04-09.jpg,620,411,lada merah,231,265,557,404
photo_2020-01-30_22-04-10.jpg,500,544,lada hijau,194,187,362,289
photo_2020-01-30_22-04-10.jpg,500,544,lada hijau,175,217,336,349
photo_2020-01-30_22-04-10.jpg,500,544,lada hijau,175,315,270,488
photo_2020-01-30_22-04-10.jpg,500,544,lada hijau,27,243,190,305
photo_2020-01-30_22-04-10.jpg,500,544,lada hijau,94,39,211,205
photo_2020-01-30_22-04-10.jpg,500,544,lada hijau,284,96,428,188
photo_2020-01-30_22-04-10.jpg,500,544,lada hijau,299,263,431,405
photo_2020-01-30_22-04-10.jpg,500,544,lada merah,63,134,192,243
photo_2020-01-30_22-04-10.jpg,500,544,lada merah,103,299,221,434
photo_2020-01-30_22-04-10.jpg,500,544,lada merah,278,324,337,489
photo_2020-01-30_22-04-10.jpg,500,544,lada merah,322,197,470,283
photo_2020-01-30_22-04-10.jpg,500,544,lada merah,218,35,346,186
photo_2020-01-30_22-04-11.jpg,1280,559,lada merah,160,17,894,348
photo_2020-01-30_22-04-11.jpg,1280,559,lada merah,721,215,1270,504
photo_2020-01-30_22-04-11.jpg,1280,559,lada hijau,357,84,1034,449
photo_2020-01-30_22-04-12.jpg,750,750,lada merah,352,100,557,612
photo_2020-01-30_22-04-12.jpg,750,750,lada merah,276,174,391,700
photo_2020-01-30_22-04-12.jpg,750,750,lada hijau,159,72,387,650
photo_2020-01-30_22-04-13.jpg,640,480,lada merah,160,210,202,283
photo_2020-01-30_22-04-13.jpg,640,480,lada merah,127,259,180,305
photo_2020-01-30_22-04-13.jpg,640,480,lada merah,102,359,139,415
photo_2020-01-30_22-04-13.jpg,640,480,lada merah,114,161,177,205
photo_2020-01-30_22-04-13.jpg,640,480,lada merah,194,151,230,170
photo_2020-01-30_22-04-13.jpg,640,480,lada merah,319,358,364,401
photo_2020-01-30_22-04-14 (2).jpg,521,293,lada merah,280,101,333,191
photo_2020-01-30_22-04-14 (2).jpg,521,293,lada merah,204,72,268,158
photo_2020-01-30_22-04-14 (2).jpg,521,293,lada merah,193,137,270,173
photo_2020-01-30_22-04-14 (2).jpg,521,293,lada merah,117,175,204,259
photo_2020-01-30_22-04-14 (2).jpg,521,293,lada merah,19,186,127,284
photo_2020-01-30_22-04-14 (2).jpg,521,293,lada merah,105,97,168,163
photo_2020-01-30_22-04-14 (2).jpg,521,293,lada merah,376,137,483,181
photo_2020-01-30_22-04-14 (2).jpg,521,293,lada merah,409,103,482,144
photo_2020-01-30_22-04-14 (2).jpg,521,293,lada merah,265,165,350,243
photo_2020-01-30_22-04-14 (2).jpg,521,293,lada merah,3,111,107,184
photo_2020-01-30_22-04-14 (2).jpg,521,293,lada merah,1,57,58,145
photo_2020-01-30_22-04-14 (2).jpg,521,293,lada merah,238,39,333,114
photo_2020-01-30_22-04-14 (2).jpg,521,293,lada merah,180,9,261,84
photo_2020-01-30_22-04-14 (2).jpg,521,293,lada merah,158,219,269,293
photo_2020-01-30_22-04-14 (2).jpg,521,293,lada merah,64,47,134,81
photo_2020-01-30_22-04-14 (2).jpg,521,293,lada merah,367,61,433,137
photo_2020-01-30_22-04-14.jpg,600,449,lada merah,168,60,329,276
photo_2020-01-30_22-04-14.jpg,600,449,lada merah,308,95,593,289
photo_2020-01-30_22-04-14.jpg,600,449,lada merah,21,139,216,376
photo_2020-01-30_22-04-14.jpg,600,449,lada merah,224,144,379,361
photo_2020-01-30_22-04-15 (2).jpg,600,600,lada merah,119,125,249,174
photo_2020-01-30_22-04-15 (2).jpg,600,600,lada merah,106,168,233,255
photo_2020-01-30_22-04-15 (2).jpg,600,600,lada merah,56,280,143,390
photo_2020-01-30_22-04-15 (2).jpg,600,600,lada merah,116,323,153,449
photo_2020-01-30_22-04-15 (2).jpg,600,600,lada merah,88,414,229,473
photo_2020-01-30_22-04-15 (2).jpg,600,600,lada merah,142,370,297,418
photo_2020-01-30_22-04-15 (2).jpg,600,600,lada merah,185,326,284,361
photo_2020-01-30_22-04-15 (2).jpg,600,600,lada merah,147,347,272,416
photo_2020-01-30_22-04-15 (2).jpg,600,600,lada merah,233,222,395,254
photo_2020-01-30_22-04-15 (2).jpg,600,600,lada merah,451,240,522,377
photo_2020-01-30_22-04-15 (2).jpg,600,600,lada merah,368,409,489,494
photo_2020-01-30_22-04-15 (2).jpg,600,600,lada merah,293,45,393,153
photo_2020-01-30_22-04-15 (2).jpg,600,600,lada merah,241,38,287,204
photo_2020-01-30_22-04-15 (2).jpg,600,600,lada merah,356,87,522,171
photo_2020-01-30_22-04-15 (2).jpg,600,600,lada merah,344,152,503,188
photo_2020-01-30_22-04-15 (2).jpg,600,600,lada merah,380,180,541,257
photo_2020-01-30_22-04-15 (2).jpg,600,600,lada merah,335,260,430,339
photo_2020-01-30_22-04-15 (2).jpg,600,600,lada merah,325,260,409,367
photo_2020-01-30_22-04-15 (2).jpg,600,600,lada merah,316,300,409,406
photo_2020-01-30_22-04-15 (2).jpg,600,600,lada merah,323,429,357,564
photo_2020-01-30_22-04-15 (2).jpg,600,600,lada merah,295,395,336,544
photo_2020-01-30_22-04-15 (2).jpg,600,600,lada merah,263,404,305,555
photo_2020-01-30_22-04-15 (2).jpg,600,600,lada merah,232,402,289,551
photo_2020-01-30_22-04-15 (3).jpg,600,600,lada merah,60,288,143,394
photo_2020-01-30_22-04-15 (3).jpg,600,600,lada merah,113,321,148,448
photo_2020-01-30_22-04-15 (3).jpg,600,600,lada merah,89,416,210,477
photo_2020-01-30_22-04-15 (3).jpg,600,600,lada merah,97,167,236,253
photo_2020-01-30_22-04-15 (3).jpg,600,600,lada merah,128,129,244,181
photo_2020-01-30_22-04-15 (3).jpg,600,600,lada merah,231,40,296,174
photo_2020-01-30_22-04-15 (3).jpg,600,600,lada merah,299,43,393,145
photo_2020-01-30_22-04-15 (3).jpg,600,600,lada merah,336,60,419,167
photo_2020-01-30_22-04-15 (3).jpg,600,600,lada merah,366,84,531,166
photo_2020-01-30_22-04-15 (3).jpg,600,600,lada merah,363,154,491,194
photo_2020-01-30_22-04-15 (3).jpg,600,600,lada merah,455,226,514,377
photo_2020-01-30_22-04-15 (3).jpg,600,600,lada merah,361,401,527,487
photo_2020-01-30_22-04-15 (3).jpg,600,600,lada merah,379,366,530,443
photo_2020-01-30_22-04-15 (3).jpg,600,600,lada merah,285,400,336,539
photo_2020-01-30_22-04-15 (3).jpg,600,600,lada merah,323,431,359,544
photo_2020-01-30_22-04-15 (3).jpg,600,600,lada merah,323,369,373,478
photo_2020-01-30_22-04-15 (3).jpg,600,600,lada merah,236,401,299,538
photo_2020-01-30_22-04-15 (3).jpg,600,600,lada merah,258,399,332,522
photo_2020-01-30_22-04-15 (3).jpg,600,600,lada merah,155,346,290,415
photo_2020-01-30_22-04-15 (3).jpg,600,600,lada merah,190,268,313,307
photo_2020-01-30_22-04-15 (3).jpg,600,600,lada merah,253,286,308,401
photo_2020-01-30_22-04-15 (3).jpg,600,600,lada merah,321,259,407,355
photo_2020-01-30_22-04-15 (3).jpg,600,600,lada merah,355,274,438,343
photo_2020-01-30_22-04-15 (3).jpg,600,600,lada merah,315,303,408,404
photo_2020-01-30_22-04-15 (4).jpg,600,600,lada merah,106,161,239,247
photo_2020-01-30_22-04-15 (4).jpg,600,600,lada merah,223,226,389,257
photo_2020-01-30_22-04-15 (4).jpg,600,600,lada merah,58,272,152,397
photo_2020-01-30_22-04-15 (4).jpg,600,600,lada merah,111,304,146,446
photo_2020-01-30_22-04-15 (4).jpg,600,600,lada merah,89,413,216,472
photo_2020-01-30_22-04-15 (4).jpg,600,600,lada merah,152,365,286,424
photo_2020-01-30_22-04-15 (4).jpg,600,600,lada merah,180,324,287,354
photo_2020-01-30_22-04-15 (4).jpg,600,600,lada merah,297,408,335,529
photo_2020-01-30_22-04-15 (4).jpg,600,600,lada merah,250,408,312,529
photo_2020-01-30_22-04-15 (4).jpg,600,600,lada merah,223,393,294,553
photo_2020-01-30_22-04-15 (4).jpg,600,600,lada merah,377,412,506,488
photo_2020-01-30_22-04-15 (4).jpg,600,600,lada merah,333,424,363,557
photo_2020-01-30_22-04-15 (4).jpg,600,600,lada merah,314,360,372,469
photo_2020-01-30_22-04-15 (4).jpg,600,600,lada merah,453,240,525,374
photo_2020-01-30_22-04-15 (4).jpg,600,600,lada merah,294,158,418,240
photo_2020-01-30_22-04-15 (4).jpg,600,600,lada merah,357,88,507,163
photo_2020-01-30_22-04-15 (4).jpg,600,600,lada merah,298,48,393,157
photo_2020-01-30_22-04-15 (4).jpg,600,600,lada merah,240,37,283,189
photo_2020-01-30_22-04-15 (4).jpg,600,600,lada merah,140,127,255,188
photo_2020-01-30_22-04-15 (4).jpg,600,600,lada merah,259,293,310,402
photo_2020-01-30_22-04-15 (4).jpg,600,600,lada merah,318,271,405,366
photo_2020-01-30_22-04-15 (4).jpg,600,600,lada merah,315,301,413,409
photo_2020-01-30_22-04-15 (4).jpg,600,600,lada merah,344,266,437,340
photo_2020-01-30_22-04-15.jpg,678,381,lada merah,293,181,430,292
photo_2020-01-30_22-04-15.jpg,678,381,lada merah,323,115,401,208
photo_2020-01-30_22-04-15.jpg,678,381,lada merah,114,104,258,162
photo_2020-01-30_22-04-15.jpg,678,381,lada merah,216,45,406,97
photo_2020-01-30_22-04-15.jpg,678,381,lada merah,234,203,297,305
photo_2020-01-30_22-04-15.jpg,678,381,lada merah,213,164,315,237
photo_2020-01-30_22-04-15.jpg,678,381,lada merah,80,172,232,277
photo_2020-01-30_22-04-15.jpg,678,381,lada merah,414,127,497,255
photo_2020-01-30_22-04-15.jpg,678,381,lada merah,414,78,567,190
photo_2020-01-30_22-04-15.jpg,678,381,lada merah,490,210,597,284
photo_2020-01-30_22-04-16 (2).jpg,776,728,lada merah,282,268,546,308
photo_2020-01-30_22-04-16 (2).jpg,776,728,lada merah,283,204,464,315
photo_2020-01-30_22-04-16 (2).jpg,776,728,lada merah,297,344,424,577
photo_2020-01-30_22-04-16 (2).jpg,776,728,lada merah,163,344,226,527
photo_2020-01-30_22-04-16 (2).jpg,776,728,lada merah,436,354,634,459
photo_2020-01-30_22-04-16 (2).jpg,776,728,lada merah,372,302,594,489
photo_2020-01-30_22-04-16 (2).jpg,776,728,lada merah,256,320,333,490
photo_2020-01-30_22-04-16 (2).jpg,776,728,lada merah,136,463,350,548
photo_2020-01-30_22-04-16 (2).jpg,776,728,lada merah,54,424,187,493
photo_2020-01-30_22-04-16 (2).jpg,776,728,lada merah,88,367,183,437
photo_2020-01-30_22-04-16.jpg,640,640,lada merah,154,264,255,522
photo_2020-01-30_22-04-16.jpg,640,640,lada merah,109,252,182,403
photo_2020-01-30_22-04-16.jpg,640,640,lada merah,74,301,137,546
photo_2020-01-30_22-04-16.jpg,640,640,lada merah,179,139,402,339
photo_2020-01-30_22-04-16.jpg,640,640,lada merah,257,126,481,274
photo_2020-01-30_22-04-16.jpg,640,640,lada merah,456,312,533,613
photo_2020-01-30_22-04-16.jpg,640,640,lada merah,418,349,482,571
photo_2020-01-30_22-04-16.jpg,640,640,lada merah,500,397,560,636
photo_2020-01-30_22-04-16.jpg,640,640,lada merah,322,317,427,460
photo_2020-01-30_22-04-16.jpg,640,640,lada merah,334,427,435,504
photo_2020-01-30_22-04-16.jpg,640,640,lada merah,132,490,407,588
photo_2020-01-30_22-04-16.jpg,640,640,lada merah,155,548,390,608
photo_2020-01-30_22-04-16.jpg,640,640,lada merah,158,93,407,171
photo_2020-01-30_22-04-16.jpg,640,640,lada merah,78,104,275,261
photo_2020-01-30_22-04-17.jpg,640,640,lada merah,40,91,175,388
photo_2020-01-30_22-04-17.jpg,640,640,lada merah,147,83,355,515
photo_2020-01-30_22-04-17.jpg,640,640,lada merah,292,124,484,571
photo_2020-01-30_22-04-17.jpg,640,640,lada merah,461,106,561,567
photo_2020-01-30_22-04-17.jpg,640,640,lada merah,580,86,640,425
photo_2020-01-30_22-04-18.jpg,1000,750,lada merah,309,245,515,424
photo_2020-01-30_22-04-18.jpg,1000,750,lada merah,71,392,310,457
photo_2020-01-30_22-04-18.jpg,1000,750,lada merah,102,459,310,525
photo_2020-01-30_22-04-18.jpg,1000,750,lada merah,285,497,424,681
photo_2020-01-30_22-04-18.jpg,1000,750,lada merah,380,546,563,631
photo_2020-01-30_22-04-18.jpg,1000,750,lada merah,430,545,649,588
photo_2020-01-30_22-04-18.jpg,1000,750,lada merah,576,268,630,513
photo_2020-01-30_22-04-18.jpg,1000,750,lada merah,427,373,582,540
photo_2020-01-30_22-04-18.jpg,1000,750,lada merah,675,411,779,581
photo_2020-01-30_22-04-18.jpg,1000,750,lada merah,595,448,718,591
photo_2020-01-30_22-04-18.jpg,1000,750,lada merah,736,463,841,589
photo_2020-01-30_22-04-18.jpg,1000,750,lada merah,218,295,388,337
photo_2020-01-30_22-04-18.jpg,1000,750,lada merah,70,345,294,409
photo_2020-01-30_22-04-19.jpg,540,540,lada merah,96,178,243,259
photo_2020-01-30_22-04-19.jpg,540,540,lada merah,103,213,166,287
photo_2020-01-30_22-04-19.jpg,540,540,lada merah,50,275,186,348
photo_2020-01-30_22-04-19.jpg,540,540,lada merah,95,321,242,406
photo_2020-01-30_22-04-19.jpg,540,540,lada merah,163,348,267,435
photo_2020-01-30_22-04-19.jpg,540,540,lada merah,259,331,384,401
photo_2020-01-30_22-04-19.jpg,540,540,lada merah,274,285,447,329
photo_2020-01-30_22-04-19.jpg,540,540,lada merah,320,253,486,296
photo_2020-01-30_22-04-19.jpg,540,540,lada merah,268,231,379,268
photo_2020-01-30_22-04-19.jpg,540,540,lada merah,282,150,355,222
photo_2020-01-30_22-04-19.jpg,540,540,lada merah,199,140,265,210
photo_2020-01-30_22-04-19.jpg,540,540,lada merah,147,151,194,204
photo_2020-01-30_22-04-19.jpg,540,540,lada merah,180,133,242,223
photo_2020-01-30_22-04-19.jpg,540,540,lada merah,168,237,227,313
photo_2020-01-30_22-04-21.jpg,550,978,lada hijau,369,466,421,597
photo_2020-01-30_22-04-21.jpg,550,978,lada hijau,372,585,406,718
photo_2020-01-30_22-04-21.jpg,550,978,lada hijau,279,557,370,666
photo_2020-01-30_22-04-21.jpg,550,978,lada hijau,254,488,311,642
photo_2020-01-30_22-04-21.jpg,550,978,lada hijau,40,518,112,634
photo_2020-01-30_22-04-21.jpg,550,978,lada hijau,182,351,227,457
photo_2020-01-30_22-04-21.jpg,550,978,lada hijau,52,275,106,415
photo_2020-01-30_22-04-21.jpg,550,978,lada hijau,40,206,103,276
photo_2020-01-30_22-04-21.jpg,550,978,lada hijau,269,40,317,170
photo_2020-01-30_22-04-21.jpg,550,978,lada hijau,198,1,270,101
photo_2020-01-30_22-04-21.jpg,550,978,lada hijau,185,101,240,204
photo_2020-01-30_22-04-21.jpg,550,978,lada hijau,412,163,481,255
photo_2020-01-30_22-04-21.jpg,550,978,lada hijau,512,127,549,239
photo_2020-01-30_22-04-22 (2).jpg,540,540,lada merah,92,163,163,519
photo_2020-01-30_22-04-22 (2).jpg,540,540,lada merah,297,191,452,492
photo_2020-01-30_22-04-22 (2).jpg,540,540,lada merah,232,160,321,510
photo_2020-01-30_22-04-22 (2).jpg,540,540,lada merah,156,147,261,518
photo_2020-01-30_22-04-22 (2).jpg,540,540,lada merah,364,203,441,505
photo_2020-01-30_22-04-22.jpg,550,309,lada hijau,135,59,180,156
photo_2020-01-30_22-04-22.jpg,550,309,lada hijau,172,107,258,155
photo_2020-01-30_22-04-22.jpg,550,309,lada hijau,278,119,325,203
photo_2020-01-30_22-04-22.jpg,550,309,lada hijau,251,106,290,176
photo_2020-01-30_22-04-22.jpg,550,309,lada hijau,171,167,260,218
photo_2020-01-30_22-04-22.jpg,550,309,lada hijau,156,30,211,84
photo_2020-01-30_22-04-22.jpg,550,309,lada hijau,337,137,370,194
photo_2020-01-30_22-04-22.jpg,550,309,lada hijau,407,143,531,175
photo_2020-01-30_22-04-22.jpg,550,309,lada hijau,308,180,347,228
photo_2020-01-30_22-04-22.jpg,550,309,lada hijau,272,62,341,119
photo_2020-01-30_22-04-22.jpg,550,309,lada hijau,314,84,345,147
photo_2020-01-30_22-04-24 (2).jpg,1280,1280,lada hijau,956,578,1060,953
photo_2020-01-30_22-04-24 (2).jpg,1280,1280,lada hijau,1017,572,1205,965
photo_2020-01-30_22-04-24 (2).jpg,1280,1280,lada hijau,582,739,890,963
photo_2020-01-30_22-04-24 (2).jpg,1280,1280,lada hijau,409,723,811,849
photo_2020-01-30_22-04-24 (2).jpg,1280,1280,lada hijau,560,470,970,647
photo_2020-01-30_22-04-24 (2).jpg,1280,1280,lada hijau,42,574,360,678
photo_2020-01-30_22-04-24 (2).jpg,1280,1280,lada kuning,180,449,452,596
photo_2020-01-30_22-04-24 (2).jpg,1280,1280,lada hijau,117,310,478,431
photo_2020-01-30_22-04-24.jpg,1280,1280,lada kuning,168,447,458,600
photo_2020-01-30_22-04-24.jpg,1280,1280,lada hijau,129,292,470,423
photo_2020-01-30_22-04-24.jpg,1280,1280,lada hijau,1033,608,1203,943
photo_2020-01-30_22-04-24.jpg,1280,1280,lada hijau,954,580,1070,953
photo_2020-01-30_22-04-24.jpg,1280,1280,lada hijau,903,617,997,921
photo_2020-01-30_22-04-24.jpg,1280,1280,lada hijau,537,633,905,800
photo_2020-01-30_22-04-24.jpg,1280,1280,lada hijau,550,763,886,953
photo_2020-01-30_22-04-24.jpg,1280,1280,lada hijau,401,708,817,855
photo_2020-01-30_22-04-24.jpg,1280,1280,lada hijau,468,329,758,631
photo_2020-01-30_22-04-24.jpg,1280,1280,lada hijau,554,472,980,655
photo_2020-01-30_22-04-24.jpg,1280,1280,lada hijau,731,408,1133,543
photo_2020-01-30_22-04-24.jpg,1280,1280,lada hijau,425,249,721,443
photo_2020-01-30_22-04-24.jpg,1280,1280,lada hijau,25,570,380,684
photo_2020-01-30_22-04-24.jpg,1280,1280,lada hijau,152,690,339,870
photo_2020-01-30_22-04-25 (2).jpg,600,600,lada merah,184,222,316,331
photo_2020-01-30_22-04-25 (2).jpg,600,600,lada merah,354,240,383,380
photo_2020-01-30_22-04-25 (2).jpg,600,600,lada merah,255,289,341,402
photo_2020-01-30_22-04-25 (2).jpg,600,600,lada merah,169,364,253,476
photo_2020-01-30_22-04-25 (2).jpg,600,600,lada merah,65,356,187,391
photo_2020-01-30_22-04-25 (2).jpg,600,600,lada merah,48,313,173,349
photo_2020-01-30_22-04-25 (2).jpg,600,600,lada merah,53,284,180,331
photo_2020-01-30_22-04-25 (2).jpg,600,600,lada merah,129,242,217,277
photo_2020-01-30_22-04-25 (2).jpg,600,600,lada merah,152,259,204,284
photo_2020-01-30_22-04-25 (2).jpg,600,600,lada merah,212,402,353,451
photo_2020-01-30_22-04-25 (2).jpg,600,600,lada merah,401,327,473,428
photo_2020-01-30_22-04-25 (2).jpg,600,600,lada merah,395,274,482,320
photo_2020-01-30_22-04-25.jpg,445,380,lada hijau,186,131,309,324
photo_2020-01-30_22-04-25.jpg,445,380,lada hijau,295,210,397,271
photo_2020-01-30_22-04-25.jpg,445,380,lada hijau,112,165,242,296
photo_2020-01-30_22-04-25.jpg,445,380,lada hijau,94,217,198,325
photo_2020-01-30_22-04-25.jpg,445,380,lada hijau,165,179,297,323
photo_2020-01-30_22-04-25.jpg,445,380,lada hijau,240,121,409,214
photo_2020-01-30_22-04-26 (2).jpg,940,626,lada merah,238,348,787,447
photo_2020-01-30_22-04-26 (2).jpg,940,626,lada merah,251,214,827,379
photo_2020-01-30_22-04-26 (2).jpg,940,626,lada merah,288,174,778,399
photo_2020-01-30_22-04-26.jpg,1280,457,lada merah,252,36,1156,379
photo_2020-01-30_22-04-27 (2).jpg,422,340,lada merah,125,89,402,275
photo_2020-01-30_22-04-27 (2).jpg,422,340,lada merah,117,131,381,190
photo_2020-01-30_22-04-27.jpg,390,261,lada hijau,102,41,319,123
photo_2020-01-30_22-04-27.jpg,390,261,lada hijau,117,86,153,215
photo_2020-01-30_22-04-27.jpg,390,261,lada hijau,70,163,221,205
photo_2020-01-30_22-04-27.jpg,390,261,lada hijau,29,191,273,225
photo_2020-01-30_22-04-27.jpg,390,261,lada hijau,1,110,128,160
photo_2020-01-30_22-04-27.jpg,390,261,lada hijau,152,115,315,169
photo_2020-01-30_22-04-28.jpg,1280,1280,lada hijau,760,925,909,1151
photo_2020-01-30_22-04-28.jpg,1280,1280,lada hijau,293,915,566,1025
photo_2020-01-30_22-04-28.jpg,1280,1280,lada hijau,221,565,368,753
photo_2020-01-30_22-04-28.jpg,1280,1280,lada hijau,141,723,250,823
photo_2020-01-30_22-04-28.jpg,1280,1280,lada hijau,91,555,258,741
photo_2020-01-30_22-04-28.jpg,1280,1280,lada hijau,407,635,505,941
photo_2020-01-30_22-04-28.jpg,1280,1280,lada hijau,1097,541,1241,792
photo_2020-01-30_22-04-28.jpg,1280,1280,lada hijau,1086,453,1278,637
photo_2020-01-30_22-04-28.jpg,1280,1280,lada hijau,697,468,799,700
photo_2020-01-30_22-04-28.jpg,1280,1280,lada hijau,629,517,731,790
photo_2020-01-30_22-04-28.jpg,1280,1280,lada hijau,566,582,670,855
photo_2020-01-30_22-04-28.jpg,1280,1280,lada kuning,582,825,735,1049
photo_2020-01-30_22-04-28.jpg,1280,1280,lada kuning,268,404,437,539
photo_2020-01-30_22-04-28.jpg,1280,1280,lada hijau,225,498,444,572
photo_2020-01-30_22-04-28.jpg,1280,1280,lada hijau,478,414,552,684
photo_2020-01-30_22-04-28.jpg,1280,1280,lada hijau,870,427,1042,668
photo_2020-01-30_22-04-28.jpg,1280,1280,lada hijau,839,639,917,841
photo_2020-01-30_22-04-28.jpg,1280,1280,lada hijau,760,780,1013,915
photo_2020-01-30_22-04-29.jpg,600,400,lada merah,191,178,377,396
photo_2020-01-30_22-04-29.jpg,600,400,lada merah,198,129,561,295
photo_2020-01-30_22-04-29.jpg,600,400,lada merah,123,253,564,384
photo_2020-01-30_22-04-30.jpg,540,540,lada hijau,205,368,372,456
photo_2020-01-30_22-04-30.jpg,540,540,lada hijau,164,332,347,417
photo_2020-01-30_22-04-30.jpg,540,540,lada hijau,67,337,188,423
photo_2020-01-30_22-04-30.jpg,540,540,lada hijau,35,276,183,312
photo_2020-01-30_22-04-30.jpg,540,540,lada hijau,43,304,180,361
photo_2020-01-30_22-04-30.jpg,540,540,lada hijau,24,173,179,256
photo_2020-01-30_22-04-30.jpg,540,540,lada hijau,287,108,402,222
photo_2020-01-30_22-04-30.jpg,540,540,lada hijau,197,154,254,223
photo_2020-01-30_22-04-30.jpg,540,540,lada hijau,158,108,220,223
photo_2020-01-30_22-04-30.jpg,540,540,lada hijau,126,172,215,241
photo_2020-01-30_22-04-30.jpg,540,540,lada hijau,252,288,411,333
photo_2020-01-30_22-04-30.jpg,540,540,lada hijau,324,258,532,308
photo_2020-01-30_22-04-30.jpg,540,540,lada hijau,211,229,439,272
photo_2020-01-30_22-04-30.jpg,540,540,lada hijau,207,261,379,309
photo_2020-01-30_22-04-30.jpg,540,540,lada hijau,343,323,424,391
photo_2020-01-30_22-04-31 (2).jpg,1280,348,lada kuning,285,49,1048,257
photo_2020-01-30_22-04-31.jpg,1000,562,lada hijau,511,362,710,521
photo_2020-01-30_22-04-31.jpg,1000,562,lada hijau,508,291,744,413
photo_2020-01-30_22-04-31.jpg,1000,562,lada hijau,444,275,694,467
photo_2020-01-30_22-04-31.jpg,1000,562,lada hijau,492,219,704,310
photo_2020-01-30_22-04-31.jpg,1000,562,lada hijau,391,308,485,551
photo_2020-01-30_22-04-31.jpg,1000,562,lada hijau,85,159,254,341
photo_2020-01-30_22-04-31.jpg,1000,562,lada hijau,299,109,423,235
photo_2020-01-30_22-04-31.jpg,1000,562,lada hijau,256,205,431,409
photo_2020-01-30_22-04-31.jpg,1000,562,lada hijau,432,152,603,246
photo_2020-01-30_22-04-31.jpg,1000,562,lada hijau,474,182,674,247
photo_2020-01-30_22-04-31.jpg,1000,562,lada hijau,373,90,481,181
photo_2020-01-30_22-04-31.jpg,1000,562,lada hijau,224,118,340,219
photo_2020-01-30_22-04-32 (2).jpg,1024,634,lada merah,302,447,534,516
photo_2020-01-30_22-04-32 (2).jpg,1024,634,lada merah,64,387,177,587
photo_2020-01-30_22-04-32 (2).jpg,1024,634,lada merah,11,254,439,418
photo_2020-01-30_22-04-32 (2).jpg,1024,634,lada merah,462,437,646,530
photo_2020-01-30_22-04-32 (2).jpg,1024,634,lada merah,733,304,899,462
photo_2020-01-30_22-04-32 (2).jpg,1024,634,lada merah,363,343,616,422
photo_2020-01-30_22-04-32 (2).jpg,1024,634,lada merah,192,328,454,469
photo_2020-01-30_22-04-32 (2).jpg,1024,634,lada merah,663,427,810,487
photo_2020-01-30_22-04-32 (2).jpg,1024,634,lada merah,462,398,687,465
photo_2020-01-30_22-04-32 (2).jpg,1024,634,lada merah,577,345,764,412
photo_2020-01-30_22-04-32 (2).jpg,1024,634,lada merah,477,277,696,373
photo_2020-01-30_22-04-32 (2).jpg,1024,634,lada merah,352,180,512,275
photo_2020-01-30_22-04-32 (2).jpg,1024,634,lada merah,536,210,595,335
photo_2020-01-30_22-04-32 (2).jpg,1024,634,lada merah,612,251,858,327
photo_2020-01-30_22-04-32 (2).jpg,1024,634,lada merah,790,304,1022,407
photo_2020-01-30_22-04-32.jpg,1280,277,lada hijau,212,35,1082,274
photo_2020-01-30_22-04-33 (2).jpg,600,600,lada hijau,240,298,288,504
photo_2020-01-30_22-04-33 (2).jpg,600,600,lada hijau,272,286,435,372
photo_2020-01-30_22-04-33 (2).jpg,600,600,lada hijau,73,296,246,429
photo_2020-01-30_22-04-33 (2).jpg,600,600,lada hijau,46,274,234,346
photo_2020-01-30_22-04-33 (2).jpg,600,600,lada hijau,150,192,303,247
photo_2020-01-30_22-04-33 (2).jpg,600,600,lada hijau,300,184,445,234
photo_2020-01-30_22-04-33 (2).jpg,600,600,lada hijau,282,227,446,291
photo_2020-01-30_22-04-33 (2).jpg,600,600,lada hijau,322,347,450,429
photo_2020-01-30_22-04-33 (2).jpg,600,600,lada hijau,313,356,351,441
photo_2020-01-30_22-04-33 (2).jpg,600,600,lada hijau,123,184,176,307
photo_2020-01-30_22-04-33 (2).jpg,600,600,lada hijau,333,279,516,403
photo_2020-01-30_22-04-33 (2).jpg,600,600,lada hijau,192,317,255,475
photo_2020-01-30_22-04-33.jpg,1280,396,lada merah,227,146,1133,364
photo_2020-01-30_22-04-34 (2).jpg,500,500,lada hijau,262,149,363,447
photo_2020-01-30_22-04-34 (2).jpg,500,500,lada hijau,218,183,295,481
photo_2020-01-30_22-04-34 (2).jpg,500,500,lada hijau,155,124,243,462
photo_2020-01-30_22-04-34 (2).jpg,500,500,lada hijau,137,141,203,442
photo_2020-01-30_22-04-34 (2).jpg,500,500,lada hijau,90,139,162,459
photo_2020-01-30_22-04-34.jpg,600,600,lada hijau,117,356,268,463
photo_2020-01-30_22-04-34.jpg,600,600,lada hijau,108,330,325,448
photo_2020-01-30_22-04-34.jpg,600,600,lada hijau,150,267,393,369
photo_2020-01-30_22-04-34.jpg,600,600,lada hijau,424,284,582,334
photo_2020-01-30_22-04-34.jpg,600,600,lada hijau,154,228,400,304
photo_2020-01-30_22-04-34.jpg,600,600,lada hijau,29,222,197,288
photo_2020-01-30_22-04-34.jpg,600,600,lada hijau,54,197,227,248
photo_2020-01-30_22-04-34.jpg,600,600,lada hijau,116,323,306,384
photo_2020-01-30_22-04-36.jpg,860,860,lada merah,227,497,618,657
photo_2020-01-30_22-04-36.jpg,860,860,lada merah,230,440,529,606
photo_2020-01-30_22-04-36.jpg,860,860,lada merah,467,440,647,516
photo_2020-01-30_22-04-36.jpg,860,860,lada merah,40,357,448,564
photo_2020-01-30_22-04-37 (2).jpg,860,860,lada merah,338,356,542,639
photo_2020-01-30_22-04-37 (2).jpg,860,860,lada merah,402,508,518,794
photo_2020-01-30_22-04-37 (2).jpg,860,860,lada merah,193,282,350,641
photo_2020-01-30_22-04-37 (2).jpg,860,860,lada merah,183,130,337,439
photo_2020-01-30_22-04-37 (2).jpg,860,860,lada merah,313,143,529,370
photo_2020-01-30_22-04-37 (2).jpg,860,860,lada merah,418,187,572,495
photo_2020-01-30_22-04-37.jpg,860,860,lada merah,189,305,338,626
photo_2020-01-30_22-04-37.jpg,860,860,lada merah,329,357,547,630
photo_2020-01-30_22-04-37.jpg,860,860,lada merah,402,524,527,807
photo_2020-01-30_22-04-37.jpg,860,860,lada merah,409,186,597,532
photo_2020-01-30_22-04-37.jpg,860,860,lada merah,177,135,360,440
photo_2020-01-30_22-04-38.jpg,860,580,lada merah,180,298,328,524
photo_2020-01-30_22-04-38.jpg,860,580,lada merah,236,331,390,517
photo_2020-01-30_22-04-38.jpg,860,580,lada merah,328,280,440,477
photo_2020-01-30_22-04-38.jpg,860,580,lada merah,355,235,491,447
photo_2020-01-30_22-04-38.jpg,860,580,lada merah,351,184,502,393
photo_2020-01-30_22-04-38.jpg,860,580,lada merah,386,170,566,324
photo_2020-01-30_22-04-38.jpg,860,580,lada merah,421,160,583,309
photo_2020-01-30_22-04-38.jpg,860,580,lada merah,490,138,623,267
photo_2020-01-30_22-04-38.jpg,860,580,lada merah,503,95,641,221
photo_2020-01-30_22-04-39.jpg,860,860,lada merah,226,393,622,507
photo_2020-01-30_22-04-39.jpg,860,860,lada merah,227,320,668,418
photo_2020-01-30_22-04-39.jpg,860,860,lada merah,279,248,673,395
photo_2020-01-30_22-04-40 (2).jpg,600,600,lada merah,195,288,400,499
photo_2020-01-30_22-04-40 (2).jpg,600,600,lada merah,132,343,547,474
photo_2020-01-30_22-04-40 (2).jpg,600,600,lada merah,205,213,553,396
photo_2020-01-30_22-04-40.jpg,600,600,lada merah,201,294,383,496
photo_2020-01-30_22-04-40.jpg,600,600,lada merah,196,219,553,383
photo_2020-01-30_22-04-40.jpg,600,600,lada merah,100,351,556,480
photo_2020-01-30_22-04-41.jpg,800,600,lada merah,328,218,643,477
photo_2020-01-30_22-04-41.jpg,800,600,lada merah,286,228,640,400
photo_2020-01-30_22-04-41.jpg,800,600,lada merah,209,236,681,348
photo_2020-01-30_22-04-42.jpg,679,385,lada hijau,54,84,543,305
photo_2020-01-30_22-04-42.jpg,679,385,lada hijau,205,122,632,286
photo_2020-01-30_22-04-43 (2).jpg,750,750,lada hijau,325,461,686,591
photo_2020-01-30_22-04-43 (2).jpg,750,750,lada hijau,68,432,395,505
photo_2020-01-30_22-04-43 (2).jpg,750,750,lada hijau,251,393,560,478
photo_2020-01-30_22-04-43 (2).jpg,750,750,lada hijau,198,356,516,411
photo_2020-01-30_22-04-43 (2).jpg,750,750,lada hijau,120,273,427,405
photo_2020-01-30_22-04-43 (2).jpg,750,750,lada hijau,351,265,640,432
photo_2020-01-30_22-04-43 (2).jpg,750,750,lada hijau,273,193,603,336
photo_2020-01-30_22-04-43.jpg,750,750,lada hijau,201,309,640,583
photo_2020-01-30_22-04-43.jpg,750,750,lada hijau,295,412,618,645
photo_2020-01-30_22-04-43.jpg,750,750,lada hijau,162,193,607,298
photo_2020-01-30_22-04-43.jpg,750,750,lada hijau,55,272,561,424
photo_2020-01-30_22-04-44 (2).jpg,500,500,lada hijau,50,307,300,364
photo_2020-01-30_22-04-44 (2).jpg,500,500,lada hijau,241,292,457,340
photo_2020-01-30_22-04-44 (2).jpg,500,500,lada hijau,133,265,315,319
photo_2020-01-30_22-04-44 (2).jpg,500,500,lada hijau,165,239,350,282
photo_2020-01-30_22-04-44 (2).jpg,500,500,lada hijau,78,194,264,289
photo_2020-01-30_22-04-44 (2).jpg,500,500,lada hijau,109,152,304,231
photo_2020-01-30_22-04-44 (2).jpg,500,500,lada hijau,251,207,411,283
photo_2020-01-30_22-04-44 (3).jpg,500,500,lada hijau,50,311,274,365
photo_2020-01-30_22-04-44 (3).jpg,500,500,lada hijau,233,291,461,351
photo_2020-01-30_22-04-44 (3).jpg,500,500,lada hijau,122,274,317,318
photo_2020-01-30_22-04-44 (3).jpg,500,500,lada hijau,161,239,353,282
photo_2020-01-30_22-04-44 (3).jpg,500,500,lada hijau,237,203,402,285
photo_2020-01-30_22-04-44 (3).jpg,500,500,lada hijau,82,190,257,292
photo_2020-01-30_22-04-44 (3).jpg,500,500,lada hijau,106,141,309,229
photo_2020-01-30_22-04-44.jpg,600,600,lada merah,76,194,188,560
photo_2020-01-30_22-04-44.jpg,600,600,lada merah,214,141,274,411
photo_2020-01-30_22-04-44.jpg,600,600,lada merah,296,281,450,552
photo_2020-01-30_22-04-44.jpg,600,600,lada merah,413,111,485,467
photo_2020-01-30_22-04-44.jpg,600,600,lada merah,363,134,461,507
photo_2020-01-30_22-04-44.jpg,600,600,lada merah,133,231,291,565
photo_2020-01-30_22-04-45.jpg,500,500,lada merah,251,120,465,291
photo_2020-01-30_22-04-45.jpg,500,500,lada merah,50,213,337,272
photo_2020-01-30_22-04-45.jpg,500,500,lada hijau,23,182,225,234
photo_2020-01-30_22-04-45.jpg,500,500,lada hijau,181,337,290,389
photo_2020-01-30_22-04-45.jpg,500,500,lada merah,89,374,342,459
photo_2020-01-30_22-04-46 (2).jpg,498,373,lada hijau,211,189,255,318
photo_2020-01-30_22-04-46 (2).jpg,498,373,lada hijau,235,170,342,221
photo_2020-01-30_22-04-46 (2).jpg,498,373,lada hijau,96,180,198,259
photo_2020-01-30_22-04-46 (2).jpg,498,373,lada hijau,72,160,191,203
photo_2020-01-30_22-04-46 (2).jpg,498,373,lada hijau,129,89,169,164
photo_2020-01-30_22-04-46 (2).jpg,498,373,lada hijau,143,96,257,132
photo_2020-01-30_22-04-46 (2).jpg,498,373,lada hijau,254,91,364,126
photo_2020-01-30_22-04-46 (2).jpg,498,373,lada hijau,256,122,363,178
photo_2020-01-30_22-04-46 (2).jpg,498,373,lada hijau,279,159,407,245
photo_2020-01-30_22-04-46 (2).jpg,498,373,lada hijau,270,204,366,266
photo_2020-01-30_22-04-46 (2).jpg,498,373,lada hijau,237,161,351,222
photo_2020-01-30_22-04-46.jpg,750,750,lada hijau,130,265,640,414
photo_2020-01-30_22-04-46.jpg,750,750,lada hijau,149,379,646,607
photo_2020-01-30_22-04-46.jpg,750,750,lada hijau,128,340,611,481
photo_2020-01-30_22-04-47 (2).jpg,499,374,lada merah,296,31,349,233
photo_2020-01-30_22-04-47 (2).jpg,499,374,lada hijau,23,158,91,292
photo_2020-01-30_22-04-47 (2).jpg,499,374,lada hijau,294,232,362,374
photo_2020-01-30_22-04-47 (2).jpg,499,374,lada hijau,95,210,182,337
photo_2020-01-30_22-04-47.jpg,600,400,lada hijau,128,200,534,301
photo_2020-01-30_22-04-47.jpg,600,400,lada hijau,124,106,524,214
photo_2020-01-30_22-04-47.jpg,600,400,lada hijau,138,41,536,175
photo_2020-01-30_22-04-50.jpg,750,1128,lada merah,456,521,535,717
photo_2020-01-30_22-04-50.jpg,750,1128,lada merah,375,574,459,741
photo_2020-01-30_22-04-50.jpg,750,1128,lada merah,328,503,409,657
photo_2020-01-30_22-04-50.jpg,750,1128,lada merah,285,446,358,657
photo_2020-01-30_22-04-50.jpg,750,1128,lada merah,389,403,490,600
photo_2020-01-30_22-04-50.jpg,750,1128,lada hijau,539,538,661,719
